-- phpMyAdmin SQL Dump
-- version 5.2.1
-- https://www.phpmyadmin.net/
--
-- Host: 127.0.0.1
-- Generation Time: Apr 02, 2025 at 11:14 AM
-- Server version: 10.4.32-MariaDB
-- PHP Version: 8.2.12

SET SQL_MODE = "NO_AUTO_VALUE_ON_ZERO";
START TRANSACTION;
SET time_zone = "+00:00";


/*!40101 SET @OLD_CHARACTER_SET_CLIENT=@@CHARACTER_SET_CLIENT */;
/*!40101 SET @OLD_CHARACTER_SET_RESULTS=@@CHARACTER_SET_RESULTS */;
/*!40101 SET @OLD_COLLATION_CONNECTION=@@COLLATION_CONNECTION */;
/*!40101 SET NAMES utf8mb4 */;

--
-- Database: `shop1`
--

-- --------------------------------------------------------

--
-- Table structure for table `admin`
--

CREATE TABLE `admin` (
  `a_id` int(7) NOT NULL,
  `a_name` varchar(200) NOT NULL,
  `a_email` varchar(200) NOT NULL,
  `a_username` varchar(200) NOT NULL,
  `a_password` varchar(200) NOT NULL,
  `a_image` varchar(200) NOT NULL
) ENGINE=InnoDB DEFAULT CHARSET=utf8mb4 COLLATE=utf8mb4_unicode_ci;

--
-- Dumping data for table `admin`
--

INSERT INTO `admin` (`a_id`, `a_name`, `a_email`, `a_username`, `a_password`, `a_image`) VALUES
(1, 'ธนวัฒน์ น้อยหา', '65010912511@msu.ac.th', 'admin1', '0f1652702b00c8bdefd1d085bcc644d7', ''),
(2, 'พลอยชมพู แต้มกระโทก', '650109125xx@msu.ac.th', 'admin2', '7c6c98c5350123fdcc70eb8345ba030b', ''),
(3, 'สิรินทรา เป้ดทองหลาง', '650109125xx@msu.ac.th', 'admin3', '6ff730a701c900c2f1cc463384909a5c', ''),
(4, 'กัญญาภา โพธิรุกษ์', '650109125xx@msu.ac.th', 'admin4', '9170652c0d1187d4aa4bed89974b88b0', ''),
(5, 'ธีรภัทร พลเยี่ยม', '650109125xx@msu.ac.th', 'admin5', 'ab76c27b4325721d7aac8fc12c23987c', ''),
(6, 'วิธาดา มะลิ', '650109125xx@msu.ac.th', 'admin6', '2e21a8dc6f6e162f929a9efd2889d3c5', '');

-- --------------------------------------------------------

--
-- Table structure for table `category`
--

CREATE TABLE `category` (
  `c_id` int(6) NOT NULL,
  `c_name` varchar(200) NOT NULL
) ENGINE=InnoDB DEFAULT CHARSET=utf8mb4 COLLATE=utf8mb4_unicode_ci;

--
-- Dumping data for table `category`
--

INSERT INTO `category` (`c_id`, `c_name`) VALUES
(1, 'การ์ตูนญี่ปุ่น มังงะ การ์ตูนไทย'),
(2, 'การ์ตูนความรู้ เสริมความรู้'),
(3, 'การ์ตูนความรู้ ประวัติศาสตร์'),
(4, 'การ์ตูนความรู้ วิทยาศาสตร์'),
(5, 'การ์ตูนความรู้ คณิตศาสตร์'),
(6, 'การ์ตูนความรู้ ธรรมะสอนใจ'),
(7, 'การ์ตูนความรู้ พัฒนาตนเอง');

-- --------------------------------------------------------

--
-- Table structure for table `orders`
--

CREATE TABLE `orders` (
  `o_id` int(6) UNSIGNED ZEROFILL NOT NULL,
  `s_id` int(7) NOT NULL,
  `o_total` int(6) NOT NULL,
  `o_date` datetime NOT NULL,
  `u_id` int(6) NOT NULL
) ENGINE=InnoDB DEFAULT CHARSET=utf8mb4 COLLATE=utf8mb4_unicode_ci;

--
-- Dumping data for table `orders`
--

INSERT INTO `orders` (`o_id`, `s_id`, `o_total`, `o_date`, `u_id`) VALUES
(000009, 4, 261, '2024-10-15 03:22:40', 44),
(000024, 1, 113, '2024-10-15 18:34:54', 44),
(000025, 1, 128, '2024-10-16 22:19:13', 44),
(000026, 1, 315, '2024-10-16 22:31:53', 44),
(000027, 1, 198, '2024-10-16 22:33:14', 44),
(000028, 1, 81, '2024-10-17 00:25:00', 44);

-- --------------------------------------------------------

--
-- Table structure for table `orders_detail`
--

CREATE TABLE `orders_detail` (
  `od_id` int(6) NOT NULL,
  `o_id` int(6) UNSIGNED ZEROFILL NOT NULL,
  `p_id` int(6) NOT NULL,
  `sitem` varchar(200) NOT NULL,
  `u_id` int(7) NOT NULL
) ENGINE=InnoDB DEFAULT CHARSET=utf8mb4 COLLATE=utf8mb4_unicode_ci;

--
-- Dumping data for table `orders_detail`
--

INSERT INTO `orders_detail` (`od_id`, `o_id`, `p_id`, `sitem`, `u_id`) VALUES
(1, 000001, 3, '3', 0),
(2, 000002, 1, '1', 0),
(3, 000002, 2, '1', 0),
(4, 000003, 3, '1', 0),
(5, 000003, 4, '1', 0),
(6, 000004, 1, '5', 0),
(7, 000005, 1, '1', 0),
(8, 000005, 2, '1', 0),
(9, 000007, 1, '1', 0),
(10, 000007, 2, '1', 0),
(11, 000008, 2, '5', 0),
(12, 000009, 3, '1', 0),
(13, 000009, 4, '2', 0),
(14, 000010, 1, '6', 0),
(15, 000010, 2, '1', 0),
(16, 000011, 1, '1', 0),
(17, 000012, 2, '1', 0),
(18, 000013, 2, '1', 0),
(19, 000014, 1, '1', 0),
(20, 000015, 1, '1', 0),
(21, 000016, 1, '2', 0),
(22, 000016, 2, '1', 0),
(23, 000017, 2, '1', 0),
(24, 000018, 2, '1', 0),
(25, 000019, 3, '1', 0),
(26, 000020, 2, '1', 0),
(27, 000021, 2, '1', 0),
(28, 000022, 3, '2', 0),
(29, 000022, 1, '1', 0),
(30, 000023, 3, '1', 0),
(31, 000024, 5, '1', 0),
(32, 000025, 10, '1', 0),
(33, 000026, 11, '1', 0),
(34, 000026, 33, '1', 0),
(35, 000027, 70, '1', 0),
(36, 000028, 4, '1', 0);

-- --------------------------------------------------------

--
-- Table structure for table `order_status`
--

CREATE TABLE `order_status` (
  `s_id` int(7) NOT NULL,
  `o_status` varchar(200) NOT NULL
) ENGINE=InnoDB DEFAULT CHARSET=utf8mb4 COLLATE=utf8mb4_unicode_ci;

--
-- Dumping data for table `order_status`
--

INSERT INTO `order_status` (`s_id`, `o_status`) VALUES
(1, 'Pending - รอการดำเนินการ'),
(2, 'Processing - กำลังดำเนินการ'),
(3, 'Shipped - ส่งสินค้าแล้ว'),
(4, 'Delivered - ส่งถึงที่แล้ว'),
(5, 'Completed - เสร็จสิ้น');

-- --------------------------------------------------------

--
-- Table structure for table `product`
--

CREATE TABLE `product` (
  `p_id` int(6) NOT NULL,
  `p_name` varchar(200) NOT NULL,
  `p_detail` text NOT NULL,
  `p_price` float NOT NULL,
  `p_ext` varchar(200) NOT NULL,
  `pd_ext` varchar(200) NOT NULL,
  `pd_ext2` varchar(200) NOT NULL,
  `c_id` int(6) NOT NULL
) ENGINE=InnoDB DEFAULT CHARSET=utf8mb4 COLLATE=utf8mb4_unicode_ci;

--
-- Dumping data for table `product`
--

INSERT INTO `product` (`p_id`, `p_name`, `p_detail`, `p_price`, `p_ext`, `pd_ext`, `pd_ext2`, `c_id`) VALUES
(1, 'ใช้ชีวิตสโลว์ไลฟ์แบบชิลๆ ด้วยสกิลสุดโกง ', 'รายละเอียด : ใช้ชีวิตสโลว์ไลฟ์แบบชิลๆ ด้วยสกิลสุดโกง \"สร้างหมู่บ้าน\" สารพัดประโยชน์ ~ก็หมู่บ้านไง ข้องใจเหรอ? เล่ม 3\r\n  ในที่สุดชีวิตสโลว์ไลฟ์ของรูคได้เริ่มต้นขึ้น แต่ทว่า ผู้แทนของอาณาเขตอัลเบลที่ไปได้ยินข่าวลือเกี่ยวกับหมู่บ้านก็ได้แวะมาเยี่ยมเยียนและตรวจสอบ ทำให้หมู่บ้านนั้นเกิดความตึงเครียด...พัฒนาหมู่บ้านด้วยกิฟต์สุดแกร่ง!สโลว์ไลฟ์ (?)คอเมดี้ มาถึงเล่ม 3 แล้ว!', 130.5, 'jpg', 'jpg', 'jpg', 1),
(2, 'ขอจงอย่าบอกว่ามันเป็นปริศนา เล่ม 6', 'รายละเอียด : ขอจงอย่าบอกว่ามันเป็นปริศนา เล่ม 6\r\n  โทโทะโนเริ่มรู้สึกถึงความเป็นไปได้ว่าแต่ละคดีที่เกิดขึ้นในอดีตอาจมีความเกี่ยวข้องกันอยู่ เขาได้ไปปรึกษาเด็กสาวที่ชื่อว่าไลก้าที่เขาเคยเจอที่โรงพยาบาล แต่ไปๆ มาๆเรื่องกลายเป็นว่าเขากับเธอกลับออกไปไหว้พระปีใหม่ด้วยกันซะนี่...!อีกด้านหนึ่ง คนผู้หนึ่งก็กำลังไล่ตามคดีฆาตกรรมหญิงสาวต่อเนื่องที่เกิดขึ้นที่โยโกฮามะ------!?ในเล่ม 6 นี้เรื่องราวได้เข้าสู่บหใหม่แล้ว!', 153, 'jpg', '', '', 1),
(3, 'UNDEAD UNLUCK เล่ม 22', 'รายละเอียด : UNDEAD UNLUCK เล่ม 22\r\n   เหล่ายูเนียนตามเบาะแสที่อันดี้ทิ้งให้ไปจนถึงอังกฤษ!! และผู้ที่พวกเขาได้เจอที่นั่นก็คือบอสในลูปครั้งก่อน จุยส์มนุษย์ขบถผู้แข็งแกร่งที่สุด....?และขณะที่การรวบรวมพรรคพวกดูจะไปได้สวยตอนนั้นเองที่มาสเตอร์รูลอันดับเก้า บีสต์เข้ามาโจมตี...!?', 99, 'jpg', '', '', 1),
(4, 'กิงกะกับริวนะ เล่ม 3', 'รายละเอียด : กิงกะกับริวนะ เล่ม 3\r\n  ประธานสมาคมเวทมนตร์ปรากฏตัวต่อหน้าพวกริวนะที่โคนเซเฮราซาดได้ เจตจำนงค์ของเขาคืออะไร....!?ลากนั้นพวกเขาก็เดินทางไปยังจดหมายต่อไปเพื่อตามหาชิ้นส่วนที่หายไปของกิงคะ ในเมืองแห่งความอุดมสมบูรณ์ที่แสนคึกคักรัวนะได้พบกับเด็กหนุ่มที่อยไม่สีข และได้ล่วงรู้ความจริงที่น่ากลัง', 81, 'jpg', '', '', 1),
(5, 'Choujin X เล่ม 10', 'รายละเอียด : Choujin X เล่ม 10\r\n  โอกาสของยามาโตะโมริในการ \"โค่นล้มโซระ\" ที่รอคอยมาเนิ่นนานขณะนี้อยู่ใกล้แค่เอื้อม เหล่าผู้บังคับบัญชาต่างเดินหน้าเตรียมตัวสำหรับวาระแห่งการรอคอยนี้อย่างใจจดใจจ่อ ส่วนพวกคีปเปอร์หนุ่มสาวทุกคนต่างเผชิญกับความขัดแย้งในจิตใจ ขณะเดียวกันยูปิโกะก็ออกตามหาที่กบดานของโซระ และบุกหอคอยไว้ทุกข์เป้าหมายของเธอคืออะไรกันแน่...อย่าหวังจะได้รับสัญญะ พวกเศษเดนเกอร์ตา', 112.5, 'jpg', '', '', 1),
(6, 'คนลึกไขปริศนาลับ Black Butler เล่ม 29', 'รายละเอียด : คนลึกไขปริศนาลับ Black Butler เล่ม 29\r\n  เอาสะ...จงอุทิตตนให้กับข้า...ซิเอลที่ถูกขับออกจากตำแหน่งเอิร์สและถูกระบุว่าเป็นที่ต้องการตัวขณะที่หลบซ่อนตัวอยู่ในโรงยาฝิ่นของราอุล วิธีการตอบโต้ที่เขาวางแผนไว้ก็ตือ...!?ควันหมอกสีเทาที่ปลายกระบอกสูบของชายเจ้าเล่ห์ที่ให้ที่กำบังแก่เจ้านายที่กำลังตระกำลำบาก...ลอยกรุ่นอย่างพร่ามัว พร่ามัว การ์ตูนเกี่ยวกับหัวหน้าดนรับใช้ที่ใช้เล่ห์เหลี่ยมหลอกลวงที่สุดในโลกมาถึงมือคุณแล้ว...', 85.5, 'jpg', '', '', 1),
(7, 'GIRL CRUSH เล่ม 3', 'รายละเอียด : GIRL CRUSH เล่ม 3\r\n  โมโมเสะ เทงกะ ได้รับการยอมรับจากตัวแทน ของ JH และกลายมาเป็นเด็กฝึกเธอรวมทีมกับ จีอู มินเซ ที่อยู่รุ่นเดียวกัน และเริ่มฝึกซ้อมเตรียมพร้อมสำหรับ การประเมินตอนสิ้นเดือน!แม้จะตกตะลึงกับความสามารถของเหล่ารุ่นพี่ แต่เป้าหมายที่ตั้งไว้ด้วยใจที่ไม่ยอมแพ้ ทำให้การประเมินตอนสิ้นเดือนนั้น เธอได้ Rank A!!แต่ถึงอย่างนั้น จู่ๆ ก็สะดุดล้มตั้งแต่การเลือกเพลงซะแล้ว.... .ที่แท้จริง', 81, 'jpg', '', '', 1),
(8, 'รันม่า 1/2 ไอ้หนุ่มกังฟู เล่ม 16', 'รายละเอียด : รันม่า 1/2 ไอ้หนุ่มกังฟู เล่ม 16\r\n  ไม่เป็นไรมั้งไม่ใช่ปิศาจร้ายอะไรนี่', 175.5, 'jpg', '', '', 1),
(9, 'คุณวายร้ายกับวันหยุดสบายๆ ของเขา เล่ม 6', 'รายละเอียด : คุณวายร้ายกับวันหยุดสบายๆ ของเขา เล่ม 6\r\n  ณ องค์กรชั่วร้ายที่วางแพนรุกรานโลกมนุษย์ เขาผู้ถูกขนานนามว่า \"นายผล\" ในแต่ละวันต้องเปิดศึกรบรากับองค์กรที่ทำหน้าที่ปกป้องคุ้มครองโลกมนุษย์อย่างเอาเป็นเอาตายแต่ว่าวันนี้เป็นวันหยุด พอได้ลิ้มรสลาเต้แพนด้าในคาเฟร้านประจำแบบสบายๆ ไม่ต้องรีบร้อน ได้ไปซื้อไอศกรีมกับซาลาเปาในร้านสะดวกซื้อจิตใจก็แจ่มใส เพราะความน่ารักกับความอร่อยคือแหล่งพลังงานเยียวยาหัวใจนั่นเอง! เรื่องราวคอเมดี้สบายๆ ที่ได้รับความนิยมในโลกโซเชียลว่าช่วยเยียวยาหัวใจอันแห้งแล้งให้กลับมาชุ่มชื่นอีกครั้ง!', 118.75, 'jpg', '', '', 1),
(10, 'มนตร์หอมต้องเสน่หา เล่ม 1', 'รายละเอียด : มนตร์หอมต้องเสน่หา เล่ม 1\r\n  โทกะหลงใหลโลสีกิ เรียว รุ่นพี่ที่อายุมากกว่า ปีหนึ่งและอยู่โรงเรียนม.ปลายเดียวกัน อยู่มาวันหนึ่งกลิ่นของเธอก็บังเอิญไปแตะอมูกรุ่นที่เข้าเขาบอกกับเธอว่า \"ฉันหลงใหลกลิ่นของเธอ\"แล้วจากนั้นทั้งคู่ก็มักจะช่วยกันพิสูจน์กลิ่นอยู่เรื่อย...!แม้โทกะจะใจเต้นทุกครั้งที่ได้ใกล้ชิดกันแต่เธอก็อยากเป็นกำลังใจให้รุ่นที่ที่มีความฝันอยากจะเป็นผู้เชี่ยวชาญด้านน้ำหอม-เรื่องราวความรักสุดใกล้ชิดจนแทบรดหายใจระหว่างรุ่นพี่ชอบหยอกนิดๆ xเด็กสาวผู้ไร้เดียงสา!', 128.25, 'jpg', '', '', 1),
(11, 'เรื่องวุ่นๆของวัยรุ่นมือใหม่:ฮอร์โมน ร่างกาย ใจว้าวุ่น', 'รายละเอียด : เรื่องวุ่นๆของวัยรุ่นมือใหม่:ฮอร์โมน ร่างกาย ใจว้าวุ่น\r\n   ช่วงเวลาที่ร่างกายและจิตใจเติบโตและเปลี่ยนผ่านจากวัยเด็กเข้าสู่วัยรุ่นอาจทำให้น้อง ๆ รู้สึกขัดเขิน วิตกกังวล รวมทั้งอยากรู้อยากเห็นเรื่องเพศแต่ไม่กล้าถามใคร ผู้เชี่ยวชาญจากศูนย์การเรียนรู้และให้คำปรึกษาเรื่องเพศศึกษาเพื่อเยาวชน \"อะฮ่า\" ประเทศเกาหลีใต้ (Aha Sexuality Education & Counseling Center for Youth หรือ Aha! Center) จึงรวบรวมคำถามที่วัยรุ่นส่วนใหญ่อยากรู้ พร้อมคำตอบจากผู้เชี่ยวชาญเพื่อให้น้อง ๆ ได้เรียนรู้เรื่องเพศศึกษาอย่างถูกต้อง มีทัศนคติที่ดีเกี่ยวกับเรื่องเพศ เข้าใจการเปลี่ยนแปลงที่ตัวเองกำลังเผชิญอยู่ และใช้ชีวิตวัยรุ่นได้อย่างปลอดภัยและมีความสุข', 175.5, 'jpg', '', '', 2),
(12, 'ครอบครัวตึ๋งหนืด เล่ม 47:ก๊วนตึ๋งป่วนตะลุยฝรั่งเศส', 'รายละเอียด : ครอบครัวตึ๋งหนืด เล่ม 47:ก๊วนตึ๋งป่วนตะลุยฝรั่งเศส\r\n   ครอบครัวตึ๋งหนืดเดินทางไปฝรั่งเศส ประเทศแสนโรแมนติกแห่งยุโรปที่ร่ำรวยด้วยวัฒนธรรม ประเพณี และสถานที่สำคัญ โทรุจะพกกระเพาะจอมเขมือบและกลเม็ดความตึ๋งหนืดไปป่วนทั่วฝรั่งเศส', 166.5, 'jpg', '', '', 2),
(13, 'Cookierun: Kingdom School 7: นักลงทุนมือใหม่ vs นักลงทุนมืออาชีพ', 'รายละเอียด : Cookierun: Kingdom School 7: นักลงทุนมือใหม่ vs นักลงทุนมืออาชีพ\r\n  ในที่สุดงานแข่งขันประจำปีโรงเรียนคิงดอมก็ได้เริ่มต้นขึ้นแล้ว  ถึงเวลาที่สิ่งประดิษฐ์สุดล้ำซึ่งสร้างโดยคุกกี้กระต่ายบนดวงจันทร์และเหล่าคุกกี้ห้องสีฟ้าจะถูกเปิดเผยให้ได้รับชมกัน ทว่าความเป็นจริงกลับไม่เป็นไปตามที่หวัง เพราะไม่มีคุกกี้เข้ามาชมการแสดงของห้องสีฟ้าเลยสักตัวเดียว เหลือเวลาอีกไม่มากก่อนที่งานจะจบลง พวกเขาจะสามารถแก้ปัญหาและเอาชนะการแข่งขันประจำปีครั้งนี้ไปได้หรือไม่!', 151.2, 'jpg', '', '', 2),
(14, 'ครอบครัวตึ๋งหนืด35:YouTube ตืดสุดฮา', 'รายละเอียด : ครอบครัวตึ๋งหนืด35:YouTube ตืดสุดฮา\r\n  ยูทูเบอร์คืออาชีพในฝันอันดับ 1 ของเด็กๆในปัจจุบัน ว่าแล้วครอบครัวตึ๋งหนืดจึงอยากลองทำคลิปยูทูบดูบ้าง เพราะยูทูบคือแหล่งทำรายได้ มหาศาลจนฮารุต้องตาลุกวาว แถมโทรุ จอมเขมือบจะได้ทำคลิปรีวิวการกินโชว์เสียด้วย เรามาเรียนรู้เคล็ดลับการทำคลิปเด็ดๆแบบตึ๋งหนืดกันดีกว่า ', 166.5, 'jpg', '', '', 2),
(15, 'ผีทั่วโลก: เรื่องผี ๆ รอบโลก (2024)', 'รายละเอียด : ผีทั่วโลก: เรื่องผี ๆ รอบโลก (2024)\r\n  เรื่องผี ๆ   รอบโลก: ผีทั่วโลก จะพาผู้อ่านดำดิ่งสู่บรรยากาศน่าขนลุก ผ่านเรื่องราวภูตผีปีศาจจากทั่วทุกมุมโลกที่ทุกคนอาจยังไม่รู้ เช่น หญิงชุดแดง ทูตสวรรค์แห่งความตาย ใบโคลเวอร์นำโชค (ร้าย) และรหัสเพลงดูดวิญญาณ  รวมถึงเรื่องเล่าลึกลับเขย่าขวัญอื่น ๆ อีกมากมายที่น่าติดตามไม่แพ้กัน', 166.5, 'jpg', '', '', 2),
(16, 'ผีเมียนมา: เรื่องผี ๆ รอบโลก (2024)', 'รายละเอียด : ผีเมียนมา: เรื่องผี ๆ รอบโลก (2024)\r\n  พบกับหลากหลายเรื่องราวสุดหลอนของภูตผีจากประเทศเมียนมาตั้งแต่สถานที่อาถรรพ์ เช่น ประตูผีมัณฑะเลย์ รามรีเกาะนรก สิ่งของต้องสาป เช่น ทานาคาหน้าผี หุ่นชักโยะเต ผีและวิญญาณสยอง เช่น ผีมะแพวา ผีเทินหัว ผีนัต', 166.5, 'jpg', '', '', 2),
(17, 'ผีเส้นทางหลอน: เรื่องผี ๆ รอบโลก (2024)', 'รายละเอียด : ผีเส้นทางหลอน: เรื่องผีๆ รอบโลก (2024)', 166.5, 'jpg', '', '', 2),
(18, 'ครอบครัวตึ๋งหนืด37 เศรษฐีออนไลน์', 'รายละเอียด : ครอบครัวตึ๋งหนืด37 เศรษฐีออนไลน์\r\n   ในยุคนี้ใครๆ ก็อยากร่ำรวยจากการขายของออนไลน์ว่าแต่ไม่ใช่เรื่องง่ายเลย เพราะไม่ใช่ทุกอย่างที่ขายดี แต่ไม่ต้องห่วง ครอบครัวตึ๋งหนืดจะมาสอนวิธีให้เคล็ดลับขายได้ ขายดี ลงทุนน้อย กำไรงามแบบตึ๋งหนืด พร้อมด้วยเทคนิคการประหยัดแบบสุดตืดสุดฮา \r\n\r\n', 166.5, 'jpg', '', '', 2),
(19, 'ครอบครัวตึ๋งหนืด9:เอาชีวิตรอดด้วยเงิน 30 บาท', 'รายละเอียด : ครอบครัวตึ๋งหนืด9:เอาชีวิตรอดด้วยเงิน 30 บาท\r\n    ครอบครัวตึ๋งหนืดกลับมาครั้งนี้จะมาสอนเคล็ดลับให้เราใช้เงินอย่างคุ้มค่า ใครว่าเงิน 30 บาทไม่มีค่าล่ะ! แชมป์ครอบครัวตึ๋งหนืดอย่างพวกเขาสามารถใช้มันทำอะไรได้ตั้งหลายอย่าง เช่น ใช้เงิน 30 บาทจัดงานขึ้นบ้านใหม่และงานวันเกิดพร้อมกัน ใช้เงิน 30 บาทไปเที่ยววันหยุด ใช้เงิน 30 บาทไปเดต ใช้เงิน 30 บาทกินข้าวเย็น มาเรียนรู้กลยุทธ์การประหยัดจากเงิน 30 บาทไปกับครอบครัวตึ๋งหนืดกันเถอะ', 166.5, 'jpg', '', '', 2),
(20, 'ผีเวียดนาม: เรื่องผี ๆ รอบโลก (2024)', 'รายละเอียด : ผีเวียดนาม: เรื่องผี ๆ รอบโลก (2024)\r\n   เรื่องผี ๆ รอบโลก: ผีเวียดนาม จะพาผู้อ่านดำดิ่งสู่บรรยากาศน่าขนลุก ผ่านเรื่องราวภูตผีปีศาจจากทั่วทุกมุมโลกที่ทุกคนอาจยังไม่รู้จากสถานที่อาถรรพ์ เช่น สุสานหลอนบิ่ญฮึงหว่า ทะเลสาบคืนดาบ  สิ่งของต้องสาป เช่น ผงไล่ผี โคมไฟนำทาง  ผีและวิญญาณสยอง เช่น มาลาย ผีกระสือเวียดนาม  รวมถึงเรื่องเล่าลึกลับเขย่าขวัญอื่นๆ อีกมากมายที่น่าติดตามไม่แพ้กัน', 166.5, 'jpg', '', '', 2),
(21, 'ประวัติศาสตร์แนวคิดพลิกโลก ฉบับเหมียว', 'รายละเอียด : ประวัติศาสตร์แนวคิดพลิกโลก ฉบับเหมียว\r\n   เพียงแค่อ่าน Oh my cat, Socrates คุณก็จะได้เรียนรู้เรื่องประวัติศาสตร์อย่างสนุกสนานและไม่ยากลำบากอีกต่อไป! หนังสือที่ให้ข้อมูลที่ดีและภาพแมวที่น่ารัก ไม่ต้องเกร็งกับประวัติศาสตร์อีกต่อไป เพียงแค่ยินดีได้เข้าถึงความรู้ใหม่ๆ ด้วย Oh my cat, Socrates!\r\n\r\n  จากโสกราตีสถึงเช เกบารา เหมียวจะพาไปรู้จักกับ 15 บุคคลที่เปลี่ยนโฉมหน้าประวัติศาสตร์โลกไปตลอดกาล', 332.1, 'jpg', '', '', 3),
(22, 'ประวัติศาสตร์โหด มัน ฮา: สงครามโลกครั้งที่สองสยองขวัญ', 'รายละเอียด : ประวัติศาสตร์โหด มัน ฮา: สงครามโลกครั้งที่สองสยองขวัญ\r\n    เปิดเผยประวัติศาสตร์นอกตำราที่หาอ่านที่ไหนไม่ได้ง่าย ๆ ระทึกไปกับความโหดผสมรอยยิ้มที่อาจได้กลิ่นดินปืนคละคลุ้ง และสัมผัสเหตุการณ์ที่เหมือนจะเหลือเชื่อ แต่เคยเกิดขึ้นจริง เมื่อช่วงเวลาขมขื่นระหว่างสงครามโลกครั้งที่ 2 ถูกนำมาเล่าอย่างมีลูกเล่น ล้วงลึกข้อมูลลับ เผยโฉมหน้าและเบื้องหลังของบุคคลสำคัญในสงครามให้รู้จักอย่างแท้จริง รวมทั้งความจริงอื่น ๆ ที่ไม่เคยมีใครเล่าขานมาก่อน นี่แหละคือช่วงเวลาไม่กี่ปีในประวัติศาสตร์ที่มีทั้งความโหด ความมัน และเสียงฮา!', 130.5, 'jpg', '', '', 3),
(23, 'ประวัติศาสตร์โหด มัน ฮา: สงครามโลกครั้งที่หนึ่งน่าสะพรึง', 'รายละเอียด : ประวัติศาสตร์โหด มัน ฮา: สงครามโลกครั้งที่หนึ่งน่าสะพรึง\r\n    เปลี่ยนประวัติศาสตร์ให้เป็นเรื่องสนุก บอกเล่าข้อเท็จจริงเบื้องลึกเบื้องหลังทั้งหมดเกี่ยวกับสงครามโลกครั้งที่ 1 ที่กินเวลายาวนานถึง 4 ปีตั้งแต่ ค.ศ. 1914-1918  ซึ่งเป็นช่วงเวลาแห่งความทรมานกายทรมานใจของผู้คนทั่วโลก อัดแน่นด้วยเรื่องราวชวนขนหัวลุกพร้อมเกร็ดความรู้น่าสยองนอกตำรา เหมาะสำหรับใครก็ตามที่มองหาการอ่านที่สนุกและได้ความรู้ตามแบบฉบับของหนังสือชุด ประวัติศาสตร์ โหด มัน ฮา', 130.5, 'jpg', '', '', 3),
(24, 'โคนัน ประวัติศาสตร์โลก ล.1: ความลี้ลับ', 'รายละเอียด : โคนัน ประวัติศาสตร์โลก ล.1: ความลี้ลับ\r\n  เมื่อดอกเตอร์อากาสะที่กำลังตามหา ‘ผลไม้แห่งปัญญา’ หายตัวไป การผจญภัยเร่งด่วนใน 12 วันของเหล่ายอดนักสืบจิ๋วจึงเริ่มต้นขึ้น!!! พร้อมกับเหล่าเด็กๆ ไทม์ดริฟเตอร์ที่ท่องไปในประวัติศาสตร์ได้ จะมาพาทุกคนไปเรียนรู้ประวัติศาสตร์และอารยธรรมอียิปต์โบราณด้วยกัน ทั้งปริศนาของมหาพีระมิดแห่งกีซา ชาวอียิปต์สร้างพีระมิดขนาดใหญ่ได้อย่างไร? คำสาปฟาโรห์ตุตันคามุนมีจริงหรือเปล่า!? และถอดรหัสโบราณ! ไขปริศนาอักษรเฮียโรกลิฟิกสุดฉงน!', 149, 'jpg', '', '', 3),
(25, 'พระบรมไตรโลกนาถ กับการปฏิรูปการปกครองแผ่นดิน หนังสือชุด บันทึกกรุงศรีอยุธยา เล่ม ๔', 'รายละเอียด : พระบรมไตรโลกนาถ กับการปฏิรูปการปกครองแผ่นดิน หนังสือชุด บันทึกกรุงศรีอยุธยา เล่ม ๔\r\nพระบรมไตรโลกนาถ กับการปฏิรูปการปกครองแผ่นดิน หนังสือชุด บันทึกกรุงศรีอยุธยา เล่ม ๔\r\n\r\nการ์ตูนความรู้ชุดประวัติศาสตร์ในหมวดประวัติศาสตร์ไทยและบุคคลสำคัญสมัยกรุงศรีอยุธยานี้ หรือที่รู้จักว่า \"ชุดบันทึกกรุงศรีอยุูธยา\" พระบรมไตรโลกนาถ ทรงสร้างกำแพงและป้อมปราการรอบๆ เมืองสำคัญหลายแห่ง เช่น ที่เมืองพิษณุโลก สวรรคโลก กำแพงเพชร สุโขทัย ทรงรักความยุติธรรม เมื่อมีผู้พิพากษานใดทำชั่วช้ารับสินบน พระองค์จะทรงลงโทษอย่างหนัก จาก พงศาวดารกรุงศรีอยุธยา ฉบับวันวลิต พ.ศ.๒๑๘๒\r\n', 152.1, 'jpg', '', '', 3),
(26, 'เจ้าสามพระยา กับการขยายอำนาจของอยุธยา หนังสือชุด บันทึกกรุงศรีอยุธยา เล่ม ๑', 'ายละเอียด : เจ้าสามพระยา กับการขยายอำนาจของอยุธยา หนังสือชุด บันทึกกรุงศรีอยุธยา เล่ม ๑\r\nเจ้าสามพระยา กับการขยายอำนาจของอยุธยา หนังสือชุด บันทึกกรุงศรีอยุธยา เล่ม ๑\r\n\r\nพระองค์(เจ้าสามพระยา)เป็นนักรบโดยกำเนิด ทรงเฉลียวฉลาด มีโวหารดี รอบคอบ มีความเมตตา เอาใจใส่ดูแลทหาร และข้าราชบริพารเป็นอย่างดี ทรงให้ความช่วยเหลือทั้งพระและคนยากจน เป็นกษัตริย์ที่มีความเมตตาที่สุด จากพงศาวดารกรุงศรีอยุธยา ฉบับวันวลิต พ.ศ.๒๑๘๒\r\n\r\n', 152.1, 'jpg', '', '', 3),
(27, 'ลา ฟลอร่า ลิตเติ้ล เลดี้ เล่ม 8 ศึกนักวิ่งโอลิมปิกแห่งกรีกโบราณ การ์ตูนความรู้ ชุด วัฒนธรรมรอบโลก', 'รายละเอียด : ลา ฟลอร่า ลิตเติ้ล เลดี้ เล่ม 8 ศึกนักวิ่งโอลิมปิกแห่งกรีกโบราณ การ์ตูนความรู้ ชุด วัฒนธรรมรอบโลก\r\nลา ฟลอร่า ลิตเติ้ล เลดี้ เล่ม 8 ศึกนักวิ่งโอลิมปิกแห่งกรีกโบราณ การ์ตูนความรู้ ชุด วัฒนธรรมรอบโลก\r\n\r\nการตามหาเพื่อในโลกกระจกดำเนินมาถึงกระจกบานสุดท้ายแล้ว คราวนี้พวกทิวาเข้ามาในยุคกรีกโบราณช่วงแข่งคัดตัวกีฬาโอลิมปิก ด้วยเหตุบางอย่างทำให้ต้องปลอมตัวเข้าสนามแข่ง แต่เพื่อนกลับไม่ยอมกลับจนกว่าจะคว้าชัยชนะได้ แล้วแบบนี้พวกทิวาจะทำภารกิจสำเร็จไหมเนี่ย ต้องมุ้นกันแล้วแหละ', 152.1, 'jpg', '', '', 3),
(28, 'ลาฟลอร่า โมชิ โมชิ เล่ม 2 กระดิ่งกรุ๊งกริ๊งกับทานูกิแห่งชิโกกุ', 'รายละเอียด : ลาฟลอร่า โมชิ โมชิ เล่ม 2 กระดิ่งกรุ๊งกริ๊งกับทานูกิแห่งชิโกกุ\r\nลาฟลอร่า โมชิ โมชิ เล่ม 2 กระดิ่งกรุ๊งกริ๊งกับทานูกิแห่งชิโกกุ\r\n\r\nทิวา ราตรีและยูริ ปราบปีศาจตนแรกสำเร็จก็เกิดเรื่องขึ้นเมื่อ จังหวัด \"ชิโกกุ\" ในญี่ปุ่นเกิด \"แผ่นดินไหวสุดพิศดาร\" โดยฝีมือเจ้า \"ทานูกิ\" แถมระหว่างภารกิจจู่ๆ ท่าทางของราตรีก็เปลี่ยนไปจนทำให้คสามสัมพัธ์ในกลุ่มร้าวฉานซะงั้น!? ปีศาจก็ต้องรับ ภัยพิบัติก็ต้องระวัง เพื่อนก็ต้องเคลียร์ แล้วแบบนี้พวกทิวาจะทำเสร็จมั้ยเนี่ย!?', 170.1, 'jpg', '', '', 3),
(29, 'ลา ฟลอร่า ลิตเติ้ล เลดี้ ตอนที่ 4 ถุงหอมกรุความทรงจำกลิ่นหยดน้ำตา', 'รายละเอียด : ลา ฟลอร่า ลิตเติ้ล เลดี้ ตอนที่ 4 ถุงหอมกรุความทรงจำกลิ่นหยดน้ำตา\r\nลา ฟลอร่า ลิตเติ้ล เลดี้ ตอนที่ 4 ถุงหอมกรุความทรงจำกลิ่นหยดน้ำตา\r\n\r\nเมื่อพวกทิวาได้เบาะแสว่าเศษกระจกอยู่ใน “ชมรมเครื่องหอม” เพื่อถอนคำสาปให้เพื่อนๆในโรงเรียน  โรซารี่ จึงรีบร้อนทำ ถุงเครื่องหอม ให้ คุณหนูผู้เข้าแต่ใจ ซึ่งนอกจากจะไม่ถูกใจอีกฝ่ายแล้ว ยังโป๊ะแตกถูก มะลิวัลย์ จับได้เรื่องความลับของคำสาปทั้งหมด แล้วแบบนี้พวกโรซารี่จะทำอย่างไรดีนะ\r\n\r\n', 152.1, 'png', '', '', 3),
(30, 'การ์ตูนพระบาทสมเด็จพระจุลจอมเกล้าเจ้าอยู่หัว (รัชกาลที่ ๕) พระปิยมหาราช', 'รายละเอียด : การ์ตูนพระบาทสมเด็จพระจุลจอมเกล้าเจ้าอยู่หัว (รัชกาลที่ ๕) พระปิยมหาราช\r\nการ์ตูนพระบาทสมเด็จพระจุลจอมเกล้าเจ้าอยู่หัว (รัชกาลที่ ๕) พระปิยมหาราช\r\n\r\nวันที่ ๒๓ ตุลาคมของทุกปีเป็นวันปิยมหาราช ที่มีความสำคัญมิใช่เพียง เพราะเป็นวันคล้ายวันสวรรคตของพระบาทสมเด็จพระจุลจอมเกล้าเจ้าอยู่หัว (รัชกาลที่ ๕) เท่านั้น แต่ยังเป็นวันที่คนไทยจะได้ร่วมรำลึกถึงพระราชกรณียกิจที่พระองค์ทรงทำนุบำรุงสร้างความก้าวหน้ามั่นคงแก่แผ่นดินและคนไทยอย่างเหลือคณานับ ตั้งแต่การเลิกทาส การพัฒนาบ้านเมือง ปรับเปลี่ยนระเบียบการปกครองให้ทันสมัย สร้างสาธารณูปโภค การคมนาคม จนถึงการรักษาเอกราชที่ทำให้สยามไม่ต้องตกไปเป็นเมืองขึ้นของกลุ่มประเทศตะวันตกที่ออกล่าอาณานิคม จึงกล่าวได้ว่า ที่บ้านเมืองเราเจริญรุ่งเรืองมาถึงทุกวันนี้ ทุกอย่างดูเหมือนจะมีจุดเริ่มต้นจากพระองค์แทบทั้งสิ้น\r\n\r\nกระนั้น ก็ยังมีสิ่งที่เราควรรู้อีกมากว่าตลอดรัชสมัยอันยาวนานของพระองค์ท่านนั้นเกิดอะไรขึ้น และพระองค์ท่านทรงผ่านภาวะแห่งความยากลำบากนั้นอย่างไร จนทำให้สยามประเทศมั่นคงและมั่งคั่งมาจนถึงวันนี้ การนำเสนอพระราชประวัติในรูปแบบการ์ตูนช่องก็เพื่อให้ง่ายต่อการเรียนรู้สำหรับเด็กและเยาวชน เพื่อตระหนักถึงพระมหากรุณาธิคุณอย่างเป็นรูปธรรม ว่าที่เรามีชาติมีแผ่นดินถึงวันนี้เพราะพระองค์ท่านโดยแท้จริง\r\n\r\nสำนักพิมพ์อมรินทร์คอมมิกส์', 148, 'jpg', '', '', 3),
(31, 'รุ้งกินน้ำคืออะไร:อะไร?ทำไม?อย่างไร?', 'รายละเอียด : รุ้งกินน้ำคืออะไร:อะไร?ทำไม?อย่างไร?\r\n   บอย แอน แซม เจน ชวนเด็ก ๆ ค้นหาความจริงทางวิทยาศาสตร์เกี่ยวกับการบอกเวลาด้วยวิธีต่าง ๆหาคำตอบจากโครงงานที่สนุกและท้าทายจนไม่อยากหยุดคิด\r\n\r\nความรู้ภายในเล่ม', 139.5, 'jpg', '', '', 4),
(32, 'ต้นไม้ต้นนั้นสูงเท่าไร:อะไร?ทำไม?', 'รายละเอียด : ต้นไม้ต้นนั้นสูงเท่าไร:อะไร?ทำไม?\r\n  บอย แอน แซม เจน ชวนเด็ก ๆ ค้นหาความจริงทางวิทยาศาสตร์เกี่ยวกับการบอกเวลาด้วยวิธีต่าง ๆหาคำตอบจากโครงงานที่สนุกและท้าทายจนไม่อยากหยุดคิด\r\n\r\nความรู้ภายในเล่ม', 139.5, 'jpg', '', '', 4),
(33, 'ทำไมน้ำแข็งละลาย:อะไร?ทำไม?อย่างไร?', 'รายละเอียด : ทำไมน้ำแข็งละลาย:อะไร?ทำไม?อย่างไร?\r\n  บอย แอน แซม เจน ชวนเด็ก ๆ ค้นหาความจริงทางวิทยาศาสตร์เกี่ยวกับการบอกเวลาด้วยวิธีต่าง ๆหาคำตอบจากโครงงานที่สนุกและท้าทายจนไม่อยากหยุดคิด\r\n\r\nความรู้ภายในเล่ม', 139.5, 'jpg', '', '', 4),
(34, 'ล้อรถมีไว้เพื่ออะไร:อะไร?ทำไม?อย่างไร?', 'รายละเอียด : ล้อรถมีไว้เพื่ออะไร:อะไร?ทำไม?อย่างไร?\r\n  บอย แอน แซม เจน ชวนเด็ก ๆ ค้นหาความจริงทางวิทยาศาสตร์เกี่ยวกับการบอกเวลาด้วยวิธีต่าง ๆหาคำตอบจากโครงงานที่สนุกและท้าทายจนไม่อยากหยุดคิด\r\n\r\nความรู้ภายในเล่ม', 139.5, 'jpg', '', '', 4),
(35, 'ทำไมของเล่นจึงล้ม:อะไร?ทำไม?อย่างไร?', 'รายละเอียด : ทำไมของเล่นจึงล้ม:อะไร?ทำไม?อย่างไร?\r\n   บอย แอน แซม เจน ชวนเด็ก ๆ ค้นหาความจริงทางวิทยาศาสตร์เกี่ยวกับการบอกเวลาด้วยวิธีต่าง ๆหาคำตอบจากโครงงานที่สนุกและท้าทายจนไม่อยากหยุดคิด\r\n\r\nความรู้ภายในเล่ม', 139.5, 'jpg', '', '', 4),
(36, 'เรือลอยน้ำได้อย่างไร:อะไร?ทำไม?อย่างไร?', 'รายละเอียด : เรือลอยน้ำได้อย่างไร:อะไร?ทำไม?อย่างไร?\r\n  บอย แอน แซม เจน ชวนเด็ก ๆ ค้นหาความจริงทางวิทยาศาสตร์เกี่ยวกับการบอกเวลาด้วยวิธีต่าง ๆหาคำตอบจากโครงงานที่สนุกและท้าทายจนไม่อยากหยุดคิด\r\n\r\nความรู้ภายในเล่ม', 139.5, 'jpg', '', '', 4),
(37, 'แตรมีเสียงได้อย่างไร:อะไร?ทำไม?อย่างไร?', 'รายละเอียด : แตรมีเสียงได้อย่างไร:อะไร?ทำไม?อย่างไร?\r\n บอย แอน แซม เจน ชวนเด็ก ๆ ค้นหาความจริงทางวิทยาศาสตร์เกี่ยวกับการบอกเวลาด้วยวิธีต่าง ๆหาคำตอบจากโครงงานที่สนุกและท้าทายจนไม่อยากหยุดคิด\r\n\r\nความรู้ภายในเล่ม', 139.5, 'jpg', '', '', 4),
(38, 'เงาคืออะไร: ชุด อะไร? ทำไม? อย่างไร?', 'รายละเอียด : เงาคืออะไร: ชุด อะไร? ทำไม? อย่างไร?\r\n  บอย แอน แซม เจน ชวนเด็ก ๆ ค้นหาความจริงทางวิทยาศาสตร์เกี่ยวกับการบอกเวลาด้วยวิธีต่าง ๆหาคำตอบจากโครงงานที่สนุกและท้าทายจนไม่อยากหยุดคิด\r\n\r\nความรู้ภายในเล่ม', 139.5, 'jpg', '', '', 4),
(39, 'ทำไมแบตเตอรีให้พลังงาน:อะไร?ทำไม?', 'รายละเอียด : ทำไมแบตเตอรีให้พลังงาน:อะไร?ทำไม?\r\n   บอย แอน แซม เจน ชวนเด็ก ๆ ค้นหาความจริงทางวิทยาศาสตร์เกี่ยวกับการบอกเวลาด้วยวิธีต่าง ๆหาคำตอบจากโครงงานที่สนุกและท้าทายจนไม่อยากหยุดคิด\r\n\r\nความรู้ภายในเล่ม', 139.5, 'jpg', '', '', 4),
(40, 'ฉันนอนหลับนานเท่าไร:อะไร?ทำไม?อย่างไร?', 'รายละเอียด : ฉันนอนหลับนานเท่าไร:อะไร?ทำไม?อย่างไร?\r\n  บอย แอน แซม เจน ชวนเด็ก ๆ ค้นหาความจริงทางวิทยาศาสตร์เกี่ยวกับการบอกเวลาด้วยวิธีต่าง ๆหาคำตอบจากโครงงานที่สนุกและท้าทายจนไม่อยากหยุดคิด\r\n\r\nความรู้ภายในเล่ม', 139.5, 'jpg', '', '', 4),
(41, 'แพ็กชุดสนุกคิดคณิตศาสตร์ คฤหาสน์มืด(1-5)', 'รายละเอียด : แพ็กชุดสนุกคิดคณิตศาสตร์ คฤหาสน์มืด(1-5)\r\n    ฝึกทักษะคณิตศาสตร์ด้วยการ์ตูนชวนขนลุกเบา ๆ เรื่องราวสุดสนุกและน่าตื่นเต้นของเหล่าตัวละคร 4 คนกับอีก 1 ตัวจะทำให้เด็ก ๆ เพลิดเพลินไปกับการทำแบบฝึกหัดไปจนถึงหน้าสุดท้าย แล้คณิตศาสตร์จะไม่เป็นปริศนาอีกต่อไป !', 956, 'jpg', '', '', 5),
(42, 'ไข 17 ปมปริศนาคดีคณิตพิศวง', 'รายละเอียด : ไข 17 ปมปริศนาคดีคณิตพิศวง\r\n  สวมบทบาทนักสืบและมาร่วมไขปมปริศนาคณิตศาสตร์สุดพิศวงไปด้วยกัน!\r\nเหล่านักอ่านผู้มีใจรักปมปริศนาจะได้พบกับ 16 สถานการณ์ที่มีเงื่อนงำทางคณิตศาสตร์สุดพิศวงให้ฝึกลับสมองในไข 17 ปมปริศนาคดีคณิตพิศวงเล่มนี้  เรียนรู้และเข้าใจหลักการคณิตศาสตร์ที่อยู่รอบตัวผ่านเรื่องราวชวนติดตาม น่าค้นหา  พร้อมฝึกคิดวิเคราะห์และอ่านจับใจความเพื่อรวบรวมเบาะแสและไขปริศนาที่เกี่ยวข้องกับความรู้คณิตศาสตร์ เหมาะสำหรับชั้นประถมปลายขึ้นไป ', 157, 'jpg', '', '', 5),
(43, 'สนุกคิดคณิตศาสตร์ คฤหาสน์มืด เล่ม 3 ตอน ผีน้อยลักขนม', 'รายละเอียด : สนุกคิดคณิตศาสตร์ คฤหาสน์มืด เล่ม 3 ตอน ผีน้อยลักขนม\r\n      เค้กขึ้นราที่จะใช้ในงานฉลองหายไปโดยไม่มีใครรู้เห็นเสียแล้ว อริสา\r\nผู้รับผิดชอบเรื่องขนมหวานสำหรับงานเลี้ยงจะทำอย่างไรต่อไป  ลุ้นระทึกไปกับ การผจญภัย ณ คฤหาสน์มืดและโจทย์ปัญหาคณิตศาสตร์สุดสนุกขนลุกขนพอง เหมาะสำหรับชั้น ป.3 ในหัวข้อต่อไปนี้\r\n - จำนวนน้อยกว่าและมากกว่า 1,000 - สมบัติการบวกและการลบ  \r\n - สมบัติการคูณและการหาร - โจทย์ปัญหา  \r\n - เศษส่วนและทศนิยม - เงิน ราคาต่อชิ้นและราคารวม \r\n - การวัด - เส้น มุม และรูปหลายเหลี่ยม\r\n - ความสัมพันธ์ ข้อมูล และการคาดคะเน  \r\n เรื่องราวสุดสนุกและน่าตื่นเต้นของเหล่าตัวละคร 4 คนกับอีก 1 ตัวจะทำให้\r\nเด็ก ๆ เพลิดเพลินไปกับการทำแบบฝึกหัดไปจนถึงหน้าสุดท้ายโดยไม่ต้องกลัวว่าจะทำผิดพลาดแล้วคณิตศาสตร์จะไม่เป็นปริศนาอีกต่อไป!', 202.5, 'jpg', '', '', 5),
(44, 'สนุกคิดคณิตศาสตร์ คฤหาสน์มืด เล่ม 5 ตอนโครงกระดูกโดดเดี่ยว', 'รายละเอียด : สนุกคิดคณิตศาสตร์ คฤหาสน์มืด เล่ม 5 ตอนโครงกระดูกโดดเดี่ยว\r\n      ร่วมผจญภัยกับลูกพี่ลูกน้องตระกูลมืดมนและพ่อบ้านอาทิตย์ เพื่อ\r\nตามหาโครงกระดูกโดดเดี่ยวที่ลักพาตัวแมวต๊องไป!  ลุ้นระทึกไปกับการผจญภัย ณ คฤหาสน์มืดและโจทย์ปัญหาคณิตศาสตร์สุดสนุกขนลุกขนพอง เหมาะสำหรับ ชั้น ป.5-6 ในหัวข้อต่อไปนี้\r\n - หลักล้านและหลักพันล้าน\r\n - เลขยกกำลัง\r\n - นิพจน์\r\n - จำนวนเฉพาะ\r\n - กราฟและความสมมาตร\r\n - รูปทรงเรขาคณิต\r\n - ความน่าจะเป็น ข้อมูล และความเชื่อมโยง\r\n เรื่องราวสุดสนุกและน่าตื่นเต้นของเหล่าตัวละคร 4 คนกับอีก 1 ตัวจะทำให้เด็ก ๆ  เพลิดเพลินไปกับการทำแบบฝึกหัดไปจนถึงหน้าสุดท้ายโดยไม่ต้องกลัวว่าจะทำผิดพลาดแล้วคณิตศาสตร์จะไม่เป็นปริศนาอีกต่อไป!', 202.5, 'jpg', '', '', 5),
(45, 'สนุกคิดคณิตศาสตร์ คฤหาสน์มืด เล่ม 1 ตอน อสูรเจ้าสำอาง', 'รายละเอียด : สนุกคิดคณิตศาสตร์ คฤหาสน์มืด เล่ม 1 ตอน อสูรเจ้าสำอาง\r\n       ลูกพี่ลูกน้องตระกูลมืดมน พ่อบ้านองครักษ์ และแมวต๊องเพื่อตามหาอสูรเจ้าสำอาง จอมโจรที่ขโมยมงกุฎของอารยาไป! ลุ้นระทึกไปกับการผจญภัย ณ คฤหาสน์มืดและแบบฝึกคณิตศาสตร์สุดสนุกขนลุกขนพอง เหมาะสำหรับชั้นป.1 ในหัวข้อต่อไปนี้\r\n     - จำนวน 1-20  - มากกว่าและน้อยกว่า\r\n     - ลำดับน้อยไปมากและมากไปน้อย\r\n     - การบวกและการลบ - การบวกที่ผลลัพธ์เป็น 10\r\n     - หลักสิบและหลักหน่วย - โจทย์ปัญหา\r\n     - พื้นที่และรูปร่าง - การวัด \r\n        เรื่องราวสุดสนุกและน่าตื่นเต้นของเหล่าตัวละคร 4 คนกับอีก 1 ตัวจะทำให้เด็ก ๆ เพลิดเพลินไปกับการทำแบบฝึกหัดไปจนถึงหน้าสุดท้าย โดยไม่ต้องกลัวว่าจะทำผิดพลาด\r\n คณิตศาสตร์จะไม่เป็นปริศนาอีกต่อไป', 202.5, 'jpg', '', '', 5),
(46, 'สนุกคิดคณิตศาสตร์ คฤหาสน์มืด เล่ม 4 ตอน คุณชายแวมไพร์น้อย', 'รายละเอียด : สนุกคิดคณิตศาสตร์ คฤหาสน์มืด เล่ม 4 ตอน คุณชายแวมไพร์น้อย\r\n      ชุดสูทของอาทิตย์หายไป! ช่วยกันนำชุดสูทกลับมาจากคุณชายแวมไพร์น้อยให้ได้นะ!  ลุ้นระทึกไปกับการผจญภัย ณ คฤหาสน์มืดและโจทย์ปัญหาคณิตศาสตร์สุดสนุกขนลุกขนพอง เหมาะสำหรับชั้น ป.4-5 ในหัวข้อต่อไปนี้\r\n - จำนวนหลักพัน \r\n - การแปลงทางคณิตศาสตร์\r\n - พหุคูณและตัวประกอบ\r\n - ความยาวรอบรูปและพื้นที่\r\n - เงินและรายรับ-รายจ่าย\r\n - ความน่าจะเป็น ข้อมูล และความสัมพันธ์\r\n เรื่องราวสุดสนุกและน่าตื่นเต้นของเหล่าตัวละคร 4 คนกับอีก 1 ตัวจะทำให้เด็ก ๆ เพลิดเพลินไปกับการทำแบบฝึกหัดไปจนถึงหน้าสุดท้ายโดยไม่ต้องกลัวว่าจะทำผิดพลาด แล้วคณิตศาสตร์จะไม่เป็นปริศนาอีกต่อไป!', 202.5, 'jpg', '', '', 5),
(47, 'สนุกคิดคณิตศาสตร์ คฤหาสน์มืด เล่ม 2 ตอน นักดนตรีคลั่ง', 'รายละเอียด : สนุกคิดคณิตศาสตร์ คฤหาสน์มืด เล่ม 2 ตอน นักดนตรีคลั่ง\r\n          อชิระต้องเป็นคนเล่นไวโอลินประกอบการเต้นรำในงานฉลอง “เทศกาล คืนพระจันทร์ดับ” แต่ไวโอลินกลับหายไป! ช่วยอชิระนำไวโอลินกลับคืนมาให้ได้ นะ!  ลุ้นระทึกไปกับการผจญภัย ณ คฤหาสน์มืดและโจทย์ปัญหาคณิตศาสตร์ สุดสนุกขนลุกขนพอง เหมาะสำหรับชั้น ป.2 ในหัวข้อต่อไปนี้         \r\n\r\n    - จำนวน 0-100                                                                                     \r\n\r\n    - การบวกและการลบ                                                                             \r\n\r\n    - การคูณและการหาร                                                                             \r\n\r\n    - ตารางคูณ                                                                                           \r\n\r\n    - โจทย์ปัญหาการบวก การลบ การคูณ และการหาร                                    \r\n\r\n     - พื้นที่และรูปร่าง                                                                                   \r\n\r\n    - การวัดและข้อมูล                                                                               \r\n\r\n     เรื่องราวสุดสนุกและน่าตื่นเต้นของเหล่าตัวละคร 4 คนกับอีก 1 ตัวจะทำให้ เด็ก ๆ เพลิดเพลินไปกับการทำแบบฝึกหัดไปจนถึงหน้าสุดท้ายโดยไม่ต้องกลัวว่า จะทำผิดพลาด  แล้วคณิตศาสตร์จะไม่เป็นปริศนาอีกต่อไป', 202.5, 'jpg', '', '', 5),
(48, 'คณิตศาสตร์แฟนตาซี เล่ม 20 (ปกใหม่) ตอน บทสรุป...สู่โลกใบใหม่', 'รายละเอียด : คณิตศาสตร์แฟนตาซี เล่ม 20 (ปกใหม่) ตอน บทสรุป...สู่โลกใบใหม่\r\nคณิตศาสตร์แฟนตาซี เล่ม 20 (ปกใหม่) ตอน บทสรุป...สู่โลกใบใหม่\r\n\r\nในที่สุดก็เดินทางมาถึงบทสรุปของการต่อสู้ระหว่างอัศวินแห่งแสงทั้งเจ็ดและเหล่ากองทัพพันธมิตร ตัวแทนของโลกคณิตศาสตร์ที่มีตัวตน เป็นรูปธรรม มีระเบียบและสัมผัสได้ กับกองทัพพ่อมดอินฟินิตี้ ตัวแทนแห่งคณิตศาสตร์นามธรรม ทั้งความเป็นอนันต์ และจำนวนอตรรกยะ การต่อสู้ที่ใช้เวลายาวนานนับพันปี โดยมีแอตแลนติสโลกคณิตศาสตร์เป็นเดิมพัน การต่อสู้ของอนันต์และอตรรกยะ ซึ่งต้องการเรียกร้องให้ยอมรับพวกเขากลับเข้ามาเป็นส่วนหนึ่งของโลกคณิตศาสตร์ สิ่งนี้เองไม่ได้เกิดขึ้นเพียงที่แอตแลนติส แต่ในโลกของเราจริงๆ เมื่อหลายพันปีมาแล้ว เหล่านักคณิตศาสตร์ชั้นนำก็ไม่ยอมรับการมีอยู่ของจำนวนอตรรกยะและอนันต์ หากแม้ใครที่สนใจและศึกษาจำนวนปริศนาเหล่านี้ อาจถูกกล่าวหาว่าเป็นพวกพ่อมดแม่มดที่ศึกษาศาสตร์มืด แม้ว่านักคณิตศาสตร์หลายคนพยายามช่วยกันชี้แจงถึงการมีตัวตนของจำนวนเหล่านี้ แต่นักคณิตศาสตร์ส่วนใหญ่ก็ยังไม่ยอมรับ และปกปิดความผิดพลาดนี้ไว้\r\n\r\nผ่านไปหลายร้อยหลายพันปี กว่าจำนวนอตรรกยะจะได้รับการยอมรับให้เข้ามาเป็นส่วนหนึ่งของจำนวน และนี่ก็เป็นส่วนหนึ่งที่ทำให้คณิตศาสตร์ก้าวไปข้างหน้า ทว่าในโลกของคณิตศาสตร์ยังมีปริศนาอีกมากที่รอให้นักคณิตศาสตร์ไขกุญแจเปิดประตูลับเหล่านี้ เพื่อเผยความจริงที่ซ่อนอยู่ในธรรมชาติมากมาย ร่วมต่อสู้กับซีโร่และเหล่าอัศวินแห่งแสงใน คณิตศาสตร์แฟนตาซี เล่ม 20 ตอน บทสรุป...สู่โลกใบใหม่ ที่กำลังจะปิดฉากลงแล้ว ณ บัดนี้\r\n\r\nนานมีบุ๊คส์', 151.2, 'jpg', '', '', 5),
(49, 'คณิตศาสตร์แฟนตาซี เล่ม 18 (ปกใหม่) ตอน x ตัวแปรเปลี่ยนโลก', 'รายละเอียด : คณิตศาสตร์แฟนตาซี เล่ม 18 (ปกใหม่) ตอน x ตัวแปรเปลี่ยนโลก\r\nคณิตศาสตร์แฟนตาซี เล่ม 18 (ปกใหม่) ตอน x ตัวแปรเปลี่ยนโลก\r\n\r\nหลังจากผ่านเรื่องราวมากมาย ซีโร่ได้กลับมารวมกลุ่มกับมีนา เคธี ลิซ่า ลีน่า รามู โจ และอัศวินไพตันอีกครั้งเพื่อรับมือกับกองทัพปีศาจโครงกระดูกที่ไม่มีวันตาย ซึ่งร้ายกาจยิ่งขึ้นเมื่อโอเมกาขอพรอินฟินิตี้จากเอปไซลอน เพื่อเปลี่ยนตัวเองเป็นสัตว์ประหลาดที่มีพละกำลังมหาศาล และพ่อมดอินฟินิตี้ส่งชิ้นส่วนอินฟินิตี้หรือชิ้นส่วนอนันต์ที่เพิ่มจำนวนทวีคูณไปเรื่อยๆ เพื่อมาจู่โจมกองทัพเอกกาดและเอลฟ์ ทว่าระหว่างการวางแผนต่อสู้ มีบุรุษลึกลับพาตัวซีโร่ อัศวินเอกซ์ โดยให้เผชิญหน้ากับเหล่าผู้นำกองทัพของพ่อมดอินฟินิตี้ การเผชิญหน้าครั้งนี้บางสิ่งเปลี่ยนไป บุรุษลึกลับเป็นใคร ประสงค์ดีหรือหวังร้ายกันแน่...\r\n\r\nคณิตศาสตร์แฟนตาซี เล่ม 18 ตอน x ตัวแปรเปลี่ยนโลก จะพาไปรู้จักกับ x ตัวแปรสำคัญในสมการ ที่เปลี่ยนมุมมองทั้งด้านคณิตศาสตร์และเหตุการณ์ที่อยู่รอบๆ ตัวเรา ทำให้เมื่อเกิดสิ่งใดสิ่งหนึ่งขึ้นแล้ว เราสามารถคาดเดาเหตุการณ์ที่เป็นสาเหตุได้ และรู้จักกับจำนวนธรรมชาติที่ใหญ่ที่สุดและอนุกรมอนันต์ ถึงเวลาแล้วที่เราจะรวมพลังคณิตศาสตร์และร่วมต่อสู้ไปพร้อมๆ กับซีโร่และผองเพื่อน...\r\n\r\nนานมีบุ๊คส์', 151.2, 'jpg', '', '', 5),
(50, 'คณิตศาสตร์แฟนตาซี เล่ม 19 (ปกใหม่) ตอน อินฟินิตี้ จุดจบโลกคณิตศาสตร์', 'รายละเอียด : คณิตศาสตร์แฟนตาซี เล่ม 19 (ปกใหม่) ตอน อินฟินิตี้ จุดจบโลกคณิตศาสตร์\r\nคณิตศาสตร์แฟนตาซี เล่ม 19 (ปกใหม่) ตอน อินฟินิตี้ จุดจบโลกคณิตศาสตร์\r\n\r\nการต่อสู้เข้มข้นขึ้นเรื่อยๆ เหล่าอัศวินแห่งกองทัพพันธมิตร ไม่ว่าจะเป็นอัศวินศักดิ์สิทธิ์แห่งอิโตเนีย อัศวินเอกกาดผู้ยึดมั่นในเทพีพารา กองทัพเอลฟ์แห่งองค์ฟาโรห์ เหล่าผู้กล้าแห่งเผ่าคนแคระ อัศวินเอกซ์และอัศวินแห่งแสงทั้งหมด รวมถึงกิลล์ เดอ เรส์ และอูร์ อัศวินเอกซ์เมื่อ 1,000 ปีที่แล้ว ทั้งหมดต่างร่วมมือกันต่อต้านการโจมตีของกองทัพพ่อมดอินฟินิตี้ นำโดยผู้นำกองทัพซึ่งถูกปลดปล่อยมาจากผนึกทั้งหมดไม่ว่าจะเป็นบิ๊ก มาร์ติน ลูเอล่า เบลและเซบับ กากาเมซ ลอกอส เอปไซลอน และซูเนีย ผู้ค้นหาความจริงของคณิตศาสตร์ และเพื่อให้เข้าถึงความจริงของอินฟินิตี้ที่ไร้ขอบเขต ซูเนียจึงยอมรับพลังจากพ่อมดอินฟินิตี้จนกลายเป็นจอมปีศาจที่น่ากลัว โลกคณิตศาสตร์ที่สมบูรณ์ของพีทาโกรัสจะถูกทำลายหรือไม่ เหล่าอัศวินแห่งแสงจะรับมือกับความโหดร้ายและน่าสะพรึงกลัวนี้อย่างไร\r\n\r\nคณิตศาสตร์แฟนตาซี เล่ม 19 ตอน อินฟินิตี้ จุดจบโลกคณิตศาสตร์ จะพาไปทำความรู้จักกับอินฟินิตี้ หรือความเป็นอนันต์ที่ไร้ขอบเขต มากมาย และกว้างใหญ่เกินกว่าที่มนุษย์จะคาดคิด อินฟินิตี้ที่อยู่รายล้อมรอบตัวเรา หรือแม้แต่ความมีอยู่ที่ก่อกำเนิดจากความไม่มี และอีกหลากหลายเรื่องราวที่เราอาจไม่คาดคิด สงครามใกล้จะถึงบทสรุปแล้ว รวมพลังคณิตศาสตร์และลุ้นไปกับจุดสิ้นสุดนี้กันเถอะ...\r\n\r\nนานมีบุ๊คส์', 151.2, 'jpg', '', '', 5),
(51, 'Before Becoming the Buddha1 พิมพ์4', 'รายละเอียด : Before Becoming the Buddha1 พิมพ์4\r\n   รูปสลักพระพุทธเจ้าในสถานะมนุษย์รูปแรกๆ มาจากแคว้นคันธาระ ปากีสถาน ตั้งแต่ศตวรรษที่ 1 โดยได้รับอิทธิพลจากกรีกครั้งที่อเล็กซานเดอร์มหาราชยกทัพมาถึง ส่วนการจัดวางองค์ประกอบได้รับอิทธิพลจากโรมัน เรียกว่า Greco-Buddhism ดูรูปตรัสรู้ที่พุทธคยา Freer Gallery of Art กรุงวอชิงตัน (Kleiner FS, Gardner’s Art Through the Ages, 2nd edition, 456-457.)', 379.05, 'jpg', '', '', 6),
(52, 'พระมโหสถ : ปัญญาบารมี', 'รายละเอียด : พระมโหสถ : ปัญญาบารมี\r\nพระมโหสถ วาดโดย สุวัฒน์ชัย ทับทิม เป็นพระชาติที่ทรงบำเพ็ญปัญญาบารมี โดยทรงถือกำเนิดมาพร้อมกับแท่งยา และใช้แท่งยาช่วยเหลือรักษาโรคให้แก่ผู้คนมากมาย นอกจากนี้ยังใช้สติปัญญาแก้ปัญหาคดีความต่างๆ ในทางที่ถูกต้องอยู่เป็นนิจ จนมีชื่อเสียงเลื่องลือ และได้เข้ารับราชการเป็นที่ปรึกษาเจ้าผู้ครองนครมิถิลา ด้วยสติปัญญาและเมตตาธรรม พระมโหสถใช้ยุทธวิธีรักษาเมืองโดยเลือกใช้กลอุบายเพื่อไม่ให้เกิดสงครามและเสียเลือดเสียเนื้อทั้งสองฝ่าย\r\n\r\n\r\nเนื้อหาปกหลัง : พระมโหสถ : ปัญญาบารมี\r\n\"การรู้ทั่ว รู้ถึงเหตุ รู้ถึงผล รู้ดีรู้ชั่ว และใช้สติปัญญาแก้ไขปัญหาอย่างเที่ยงธรรม ส่งผลให้ผู้ประพฤติปฏิบัติดำเนินชีวิต ได้อย่างชาญฉลาดและทำให้สังคมสงบสุข\"\r\n\r\nพระชาติที่ ๕ พระมโหสถทรงบำเพ็ญปัญญาบารมี ถือกำเนิดมาพร้อมกับแท่งโอสถ และใช้แท่งโอสถช่วยเหลือรักษาโรคให้แก่ผู้คนมากมาย ทั้งยังใช้สติปัญญาแก้ปัญหาคดีความต่างๆ ในทางที่ถูกต้องอยู่เป็นนิจ จนมีชื่อเสียงเลื่องลือ และได้เข้ารับราชการเป็นที่ปรึกษาเจ้าผู้ครองนครมิถิลาด้วยสติปัญญาและเมตตาธรรม พระมโหสถใช้ยุทธวิธีรักษาเมืองโดยเลือกกลอุบายเพื่อไม่ให้เกิดสงครามและเสียเลือดเสียเนื้อทั้งสองฝ่าย\r\n\r\nสุวัฒน์ชัย ทับทิม ศิลปินเอกด้านงานศิลปะไทยร่วมสมัย ได้ถ่ายทอดเรื่องราว \"มโหสถชาดก\" ด้วยสีอคริลิกบนผ้าใย และลายไทยที่เป็นเอกลักษณ์\r\n\r\n\r\n\r\nรีวิวโดยสำนักพิมพ์ : พระมโหสถ : ปัญญาบารมี\r\n\"คนดี\" สามารถสร้างได้ด้วยการปลูกฝัง บ่มเพาะ อบรม ขัดเกลา ให้ทุกคนมีจิตสำนึกและพึงปฏิบัติในสิ่งที่เป็นประโยชน์ทั้งต่อตนเองและผู้อื่น ซึ่งจะนำพาให้เกิดความสงบสุขในการดำเนินชีวิต\r\n\r\nพระมโหสถ วาดโดย สุวัฒน์ ทับทิม เป็นพระชาติที่ทรงบำเพ็ญปัญญาบารมี โดยทรงถือกำเนิดมาพร้อมกับแท่งโอสถ และใช้แท่งโอสถช่วยเหลือรักษาโรคให้แก่ผู้คนมากมาย นอกจากนี้ยังใช้สติปัญญาแก้ปัญหาคดีความต่างๆ ในทางที่ถูกต้อง จนมีชื่อเสียงเลื่องลือ และได้เข้ารับราชการเป็นที่ปรึกษาเจ้าผู้ครองนครมิถิลาด้วยสติปัญญาและเมตตาธรรม พระมโหสถใช้ยุทธวิธีรักษาเมืองเพื่อไม่ให้เกิดสงครามและเสียเลือดเสียเนื้อทั้งสองฝ่าย\r\n\r\n กองบรรณาธิการ สำนักพิมพ์ทองเกษม', 179.1, 'jpg', '', '', 6),
(53, 'พระมหาชนก : วิริยะบารมี', 'รายละเอียด : พระมหาชนก : วิริยะบารมี\r\nพระมหาชนก : วิริยะบารมี\r\n\r\nพระมหาชนก วาดโดย ธีระวัฒน์ คะนะมะ เป็นพระชาติที่ทรงบำเพ็ญวิริยะบารมี ทรงมีความเพียรและกล้าเผชิญหน้ากับความทุกข์ยากลำบาก พระองค์มุ่งมั่นตามหาพระราชบิดา แม้ประสบเหตุการณ์เรืออับปางกลางมหาสมุทรเพราะถูกพายุโหมกระหน่ำ ก็ทรงไม่ละทิ้งความเพียร พยายามแหวกว่ายอยู่ในมหาสมุทรนานถึง ๗ วัน ๗ คืน จนในที่สุด นางมณีเมขลาต้องมาช่วยพาพระองค์ขึ้นฝั่ง\r\n\r\n\r\nเนื้อหาปกหลัง : พระมหาชนก : วิริยะบารมี\r\n\"ความเพียร ความกล้าหาญ ความพยายาม ความไม่ย่อท้อ นำมาซึ่งความสำเร็จ\"\r\n\r\nพระชาติที่ ๒ พระมหาชนกทรงบำเพ็ญวิริยะบารมี ทรงไม่ละความเพียรและกล้าเผชิญหน้ากับความทุกข์ยากลำบากโดยไม่ย่อท้อต่ออุปสรรค พระองค์ทรงมุ่งมั่นเพื่อไปยังเมืองของพระราชบิดา แม้ประสบเหตุการณ์เรืออับปางกลางมหาสมุทรเพราะถูกพายุโหมกระหน่ำ พระองค์ก็ทรงเพียรพยายามแหวกว่ายอยู่ในมหาสมุทรนานถึง ๗ วัน ๗ คืน จนในที่สุด นางมณีเมขลาช่วยพาพระองค์ขึ้นฝั่ง\r\n\r\nธีระวัฒน์ คะนะมะ ศิลปินผู้เคยถวายงานวาดภาพประกอบเรื่องพระมหาชนก แด่พระบาทสมเด็จพระปรมินทรมหาภูมิพลอดุลยเดชมาแล้ว ได้ถ่ายทอดเรื่องราว \"ชนกชาดก\" อีกครั้ง ด้วยลายเส้นและสีสันเฉพาะตัวทั้งเรื่อง สะท้อนเรื่องราวโดยใช้เทคนิคสีอคริลิกบนกระดาษ\r\n\r\n\r\n\r\nรีวิวโดยสำนักพิมพ์ : พระมหาชนก : วิริยะบารมี\r\n\"คนดี\" สามารถสร้างได้ด้วยการปลูกฝัง บ่มเพาะ อบรม ขัดเกลา ให้ทุกคนมีจิตสำนึกและพึงปฏิบัติในสิ่งที่เป็นประโยชน์ทั้งต่อตนเองและผู้อื่น ซึ่งจะนำพาให้เกิดความสงบสุขในการดำเนินชีวิต\r\n\r\nพระมหาชนก วาดโดย ธีระวัฒน์ คะนะมะ เป็นพระชาติที่ทรงบำเพ็ญวิริยะบารมี ทรงมีความเพียรและกล้าเผชิญหน้ากับความทุกข์ยากลำบาก แม้ประสบการณ์เรืออับปางกลางมหาสมุทรเพราะถูกพายุโหมกระหน่ำ ก็ทรงไม่ละทิ้งความเพียร พยายามแหวกว่ายอยู่ในมหาสมุทรถึง ๗ วัน ๗ คืน ดังพระราชดำรัสของพระบาทสมเด็จพระปรมินทรมหาภูมิพลอดุลยเดช ซึ่งพระราชทานแก่ครูและนักเรียน โรงเรียนจิตรลดา เมื่อวันที่ ๒๗ มีนาคม ๒๕๒๓\r\n\r\nกองบรรณาธิการ สำนักพิมพ์ทองเกษม', 179.1, 'jpg', '', '', 6),
(54, 'พระเตมีย์ : เนกขัมมบารมี', 'รายละเอียด : พระเตมีย์ : เนกขัมมบารมี\r\nพระเตมีย์ : เนกขัมมบารมี\r\n\r\nพระจันทกุมาร วาดโดย ชัชวาล รอดคลองตัน เป็นพระชาติที่ทรงบำเพ็ญขันติบารมี พระองค์รื้อคดีความและตัดสินโดยคำนึงถึงความยุติธรรมเป็นที่ตั้ง ทำให้ได้รับตำแหน่งเป็นผู้ตัดสินคดีความ\r\n\r\nกัณฑหาลพราหมณ์ผู้ติดสินบน ด้วยความแค้น กัณฑหาลพราหมณ์จึงยุให้พระราชาทำพิธีบูชายัญพระราชวงศ์ทั้งหมด พระจันทกุมารพยายามอ้อนวอนอยู่หลายครั้ง แต่พระราชบิดาก็ยังหลงเชื่อคำของกัณฑหาลพราหมณ์ ถึงกระนั้น พระจันทกุมารก็ไม่คิดจะผูกใจเจ็บ และยังทรงช่วยพระราชบิดาให้พ้นจากการรุมทำร้ายของประชาชน\r\n\r\n\r\nเนื้อหาปกหลัง : พระเตมีย์ : เนกขัมมบารมี\r\n\"การละเว้นจากการทำบาป รักษาศีล ประพฤติในธรรมไม่เบียดเบียนกัน นำมาซึ่งความสุขสงบในสังคม\"\r\n\r\nพระชาติที่ ๑ พระเตมีย์ทรงบำเพ็ญเนกขัมมบารมี เมื่อทรงเห็นพระราชบิดาตัดสินนักโทษ ๔ คน พระองค์ทรงคิดว่าการเป็นพระราชานำมาซึ่งการเบียดเบียนชีวิตผู้อื่น จึงตั้งจิตมั่นททรงอดทนอดกลั้นแสร้งทำตนเป็นง่อย หูหนวก และเป็นใบ้ ตั้งแต่ยังเยาว์จวบจนเป็นชายหนุ่มฉกรรจ์ เพื่อเว้นจากการทำบาปทั้งหลายทั้งปวง และออกบวชเพื่อบำเพ็ญรักษาศีล\r\n\r\nปรีดา ปัญญาจันทร์ ถ่ายทอดเรื่องราว \"เตมียชาดก\" ในรูปแบบภาพประกอบที่ยังคงกลิ่นอายศิลปะอินเดีย สะท้อนเรื่องราวโดยใช้เทคนิคสีน้ำบนกระดาษ\r\n\r\n\r\n\r\nรีวิวโดยสำนักพิมพ์ : พระเตมีย์ : เนกขัมมบารมี\r\n\"คนดี\" สามารถสร้างได้ด้วยการปลูกฝัง บ่มเพาะ อบรม ขัดเกลา ให้ทุกคนมีจิตสำนึกและพึงปฏิบัติในสิ่งที่เป็นประโยชน์ทั้งต่อตนเองและผู้อื่น ซึ่งจะนำพาให้เกิดความสงบสุขในการดำเนินชีวิต\r\n\r\nพระเตมีย์ วาดโดย ปรีดา ปัญญาจันทร์ เป็นพระชาติที่ทรงบำเพ็ญเนกขัมมบารมี เมื่อทรงเห็นพระราชบิดาตัดสินนักโทษ ๔ คน พระองค์ทรงคิดว่า การเป็นพระราชานำมาซึ่งการเบียดเบียนชีวิตผู้อื่น จึงตั้งจิตมั่นทรงอดทนอดกลั้นแสร้งทำตนเป็นง่อย หูหนวก และเป็นใบ้ ตั้งแต่ยังเยาว์จวบจนเป็นชายหนุ่มฉกรรจ์ เพื่อเว้นจากการทำบาปทั้งหลายทั้งปวง และออกบวชเพื่อบำเพ็ญรักษาศีล\r\n\r\nกองบรรณาธิการ สำนักพิมพ์ทองเกษม', 179.1, 'jpg', '', '', 6),
(55, 'พระเนมิราช : อธิษฐานบารมี', 'รายละเอียด : พระเนมิราช : อธิษฐานบารมี\r\nพระเนมิราช : อธิษฐานบารมี\r\n\r\nพระเนมิราช วาดโดย นิโรจน์ จรุงจิตวิทวัส เป็นพระชาติที่ทรงบำเพ็ญอธิษฐานบารมี ตั้งแต่ที่ทรงถือกำเนิดเป็นเนมิกุมาร พระองค์ทรงรักษาศีลและบริจาคทานอย่างถึงที่สุด แต่ก็ไม่สามารถตัดความสงสัยว่า การบริจาคทานหรือการประพฤติพรหมจรรย์ อย่างใดให้อานิสงส์มากกว่ากัน ท้าวสักกราช จึงส่งมาตุลีเทพบุตรมาเชิญพระเนมิราชไปท่องนรกสวรรค์เพื่อคลายข้อสงสัย อันนำมาซึ่งความมุ่งมั่นในการสั่งสมความดีต่อไปอย่างไม่มีที่สิ้นสุด\r\n\r\n\r\nเนื้อหาปกหลัง : พระเนมิราช : อธิษฐานบารมี\r\n\"ความมุ่งมั่น ตั้งใจ ในการสั่งสมความดี เสียสละความสุขของตนเพื่อผู้อื่น ส่งผลให้ผู้ประพฤติปฏิบัติได้รับความเคารพ ศรัทธา และได้รับการสรรเสริญ\"\r\n\r\nพระชาติที่ ๔ พระเนมิราชทรงบำเพ็ญอธิษฐานบารมี ตั้งแต่ที่ทรงถือกำเนิดเป็นเนมิกุมารพระองค์ทรงรักษาศีลและบริจาคทานอย่างถึงที่สุด แต่ก็ไม่สามารถตัดความสงสัยว่า การบริจาคทานหรือการประพฤติพรหมจรรย์ อย่างใดมีผลหลังจากตายไปแล้วมากกว่ากัน ท้าวสักกเทวราชจึงส่งมาตุลีเทพมาเชิญให้พระเนมิราชไปท่องนรกสวรรค์เพื่อคลายข้อสงสัยเหล่านั้น อันนำมาซึ่งความมุ่งมั่นตั้งใจในการสั่งสมความดีต่อไปอย่างไม่มีที่สิ้นสุด\r\n\r\n \r\n\r\n\r\n\r\nรีวิวโดยสำนักพิมพ์ : พระเนมิราช : อธิษฐานบารมี\r\n\"คนดี\" สามารถสร้างได้ด้วยการปลูกฝัง บ่มเพาะ อบรม ขัดเกลา ให้ทุกคนมีจิตสำนึกและพึงปฏิบัตในสิ่งที่เป็นประโยชน์ทั้งต่อตนเองและผู้อื่น ซึ่งจะนำพาให้เกิดความสงบสุขในการดำเนินชีวิต\r\n\r\nพระเนมิราช วาดโดย นิโรจน์ จรุงจิตวิทวัส เป็นพระชาติที่ทรงบำเพ็ญอธิษฐานบารมี พระองค์ทรงรักษาศีลและบริจาคทานอย่างถึงที่สุด แต่ก็ไม่สามารถตัดความสงสัยว่าการบริจาคทานหรือการประพฤติพรหมจรรย์อย่างใดให้อานิสงส์มากกว่ากัน ท้าวสักกเทวราชจึงส่งมาตุลีเทพมาเชิญพระเนมิราชไปท่องนรกสวรรค์เพื่อคลายข้อสงสัย\r\n\r\nกองบรรณาธิการ สำนักพิมพ์ทองเกษม', 179.1, 'jpg', '', '', 6),
(56, 'พระสุวรรณสาม : เมตตาบารมี', 'รายละเอียด : พระสุวรรณสาม : เมตตาบารมี\r\nพระสุวรรณสาม : เมตตาบารมี\r\n\r\nพระสุวรรณสาม วาดโดย จินตนา เปี่ยมศิริ เป็นพระชาติที่ทรงบำเพ็ญเมตตาบารมี โดยปรนนิบัติบิดามารดาที่ตาบอดอย่างสุดความสามารถ และเมื่อสุวรรณสามถูกท้าวกบิลยักษ์ยิงด้วยธนู ก็ไม่ถือโกรธ แต่เลือกที่จะให้อภัยด้วยความบริสุทธิ์ใจ จนท้ายที่สุด ท้าวกบิลยักษ์รู้สึกผิดและสละตัวพระองค์เองเพื่อทำหน้าที่ปรนนิบัติบิดามารดาของสุวรรณสาม\r\n\r\n\r\nเนื้อหาปกหลัง : พระสุวรรณสาม : เมตตาบารมี\r\n\"ความรัก ความอ่อนโยน ความปรารถนาดี และการให้อภัยผู้อื่นส่งผลให้ผู้ประพฤติปฏิบัติเป็นที่รักใคร่ และประสบแต่ความสุขความเจริญ\"\r\n\r\nพระชาติที่ ๓ สุวรรณสามบำเพ็ญเมตตาบารมี โดยปรนนิบัติบิดามารดาที่ตาบอดอย่างสุดความสามารถ และเมื่อสุวรรณสามถูกท้าวกบิลยักษ์ยิงด้วยธนู ก็ไม่ถือโกรธ แต่เลือกที่จะให้อภัยด้วยความบริสุทธิ์ใจ จนท้ายที่สุด ท้าวกบิลยักษ์รู้สึกผิดและสละตัวพระองค์เองเพื่อทำหน้าที่ปรนนิบัติบิดา มารดาของสุวรรณสาม\r\n\r\nจินตนา เปี่ยมศิริ ถ่ายทอดเรื่องราว \"สุวรรณสามชาดก\" ด้วยเทคนิคสีฝุ่นบนกระดาษ นำมาประยุกต์ร้อยเรียงเป็นเรื่องราวได้อย่างลงตัว\r\n\r\n\r\n\r\nรีวิวโดยสำนักพิมพ์ : พระสุวรรณสาม : เมตตาบารมี\r\n\"คนดี\" สามารถสร้างได้ด้วยการปลูกฝัง บ่มเพาะ อบรม ขัดเกลา ให้ทุกคนมีจิตสำนึกและพึงปฏิบัติในสิ่งที่เป็นประโยชน์ทั้งต่อตนเองและผู้อื่น ซึ่งจะนำพาให้เกิดความสงบสุขในการดำเนินชีวิต\r\n\r\nพระสุวรรณสาม วาดโดย จินตนา เปี่ยมศิริ เป็นพระชาติที่ทรงบำเพ็ญเมตตาบารมี โดยปรนนิบัติบิดามารดาที่ตาบอดอย่างสุดความสามารถ และเมื่อสุวรรณสามถูกท้าวกบิลยักษ์ยิงด้วยธนู ก็ไม่ถือโกรธ แต่เลือกที่จะให้อภัยด้วยความบริสุทธิ์ใจ จนท้ายที่สุด ท้าวกบิลยักษ์รู้สึกผิดและสละตัวพระองค์เองเพื่อทำหน้าที่ปรนนิบัติบิดามารดาของสุวรรณสาม\r\n\r\nกองบรรณาธิการ สำนักพิมพ์ทองเกษม', 179.1, 'jpg', '', '', 6),
(57, 'พระพรหมนารท : อุเบกขาบารมี', 'รายละเอียด : พระพรหมนารท : อุเบกขาบารมี\r\nพระพรหมนารท : อุเบกขาบารมี\r\n\r\nพระพรหมนารท วาดโดย เนติกร ชินโย เป็นพระชาติที่ทรงบำเพ็ญอุเบกขาบารมี ทรงประทับอยู่บนพรหมโลก คอยสอดส่องดูแลโลกมนุษย์ ครั้นเมื่อพระนางรุจาอธิษฐานขอให้พระองค์ทรงช่วยให้พระเจ้าอังคติราชคลายจากความหลงผิด คลายจากการเห็นกงจักรเป็นดอกบัว และเลิกหลงเชื่อคำของชีเปลือยคุณาชีวก พระพรหมนารทจึงลงมาปรากฏองค์ในร่างนารทฤๅษี และแสดงคำสอนจนพระเจ้าอังคติราชเลื่อมใสในที่สุด…\r\n\r\n\r\nเนื้อหาปกหลัง : พระพรหมนารท : อุเบกขาบารมี\r\n\"การดำรงตนอยู่บนความถูกต้อง มีใจเที่ยงธรรม หนักแน่น มั่นคง สุขุม ย่อมส่งผลให้สังคมเกิดความสามัคคีและความสงบสุข\"\r\n\r\nพระชาติที่ ๘ พระพรหมนารททรงบำเพ็ญอุเบกขาบารมี ประทับอยู่บนพรหมโลก คอยสอดส่องดูแลโลกมนุษย์ ครั้นเมื่อพระนางรุจาอธิษฐานขอให้พระองค์ทรงช่วยให้พระเจ้าอังคติราชคลายจากความหลงผิด คลายจากการเห็นกงจักรเป็นดอกบัว และเลิกหลงเชื่อคำของชีเปลือยคุณาชีวกพระพรหมนารทจึงลงมาปรากฏกายในร่างนารทฤาษี และแสดงคำสอนจนพระเจ้าอังคติราชเลื่อมใสในที่สุด\r\n\r\nเนติกร ชินโย ถ่ายทอดเรื่องราว \"นารทชาดก\" ด้วยจิตรกรรมสีน้ำบนกระดาษ ที่งดงามด้วยเทคนิคเฉพาะตัว ทำให้ภาพประกอบในเล่มนี้สวยงามและเข้าใจง่าย\r\n\r\n\r\n\r\nรีวิวโดยสำนักพิมพ์ : พระพรหมนารท : อุเบกขาบารมี\r\n\"คนดี\" สามารถสร้างได้ด้วยการปลูกฝัง บ่มเพาะ อบรม ขัดเกลา ให้ทุกคนมีจิตสำนึกและพึงปฏิบัติในสิ่งที่เป็นประโยชน์ทั้งต่อตนเองและผู้อื่น ซึ่งจะนำพาให้เกิดความสงบสุขในการดำเนินชีวิต\r\n\r\nพระพรหมนารท วาดโดย เนติกร ชินโย เป็นพระชาติที่ทรงบำเพ็ญอุเบกขาบารมี ทรงประทับอยู่บนพรหมโลกคอยสอดส่องดูแลโลกมนุษย์ ครั้นเมื่อพระนางรุจาอธิษฐานขอให้พระองค์ทรงช่วยให้พระเจ้าอังคติราชคลายจากความหลงผิด และเลิกหลงเชื่อคำของชีเปลือยคุณาชีวก พระพรหมนารทจึงลงมาปรากฏองค์ในร่างนารทฤาษี และแสดงคำสอนจนพระเจ้าอังคติราชเลื่อมใสในที่สุด\r\n\r\nกอบบรรณาธิการ สำนักพิมพ์ทองเกษม', 179.1, 'jpg', '', '', 6),
(58, 'พระวิทูรบัณฑิต : สัจจบารมี', 'รายละเอียด : พระวิทูรบัณฑิต : สัจจบารมี\r\nพระวิทูรบัณฑิต : สัจจบารมี\r\n\r\nสัจจะ คือ ความจริง พูดจริงทำจริง มีความจริงใจ ซื่อสัตย์ ซื่อตรง ถ้าปรารถนาสิ่งใดก็จะทำด้วยความตั้งใจมั่น ดังเช่นพระวิทูรบัณฑิตที่มุ่งมั่นปรารถนาแสดงธรรมให้กับทุกหมู่เหล่า ไม่ว่ามนุษย์หรืออมนุษย์\r\n\r\n \r\n\r\n\r\nเนื้อหาปกหลัง : พระวิทูรบัณฑิต : สัจจบารมี\r\n\"การตั้งมั่นอยู่ในความสัตย์จริง พูดจริงทำจริง มีความจริงใจ มีความซื่อตรง ส่งผลให้ผู้ประพฤติปฏิบัติ ประสบความเจริญและความสำเร็จในชีวิต\"\r\n\r\nพระชาติที่ ๙ พระวิทูรบัณฑิตทรงบำเพ็ญสัจจบารมี โดยแสดงธรรมอันเป็นความจริงที่ทำให้ผู้ใดที่ได้ฟังธรรมจากพระวิทูรบัณฑิตล้วนเลื่อมใสศรัทธา รวมถึงท้าวสักกะ พญานาควรุณ พญาครุฑ พระราชาธนัญชัยโกรพ ซึ่งเมื่อได้ฟังธรรมก็ถึงกับมอบของล้ำค่าของตนแก่พระวิทูร พระวิทูรจึงเป็นนักปราชญ์แห่งเมืองอินทปัตย์ที่ชาวเมืองหวงแหนยิ่ง\r\n\r\nเทิดธันวา คะนะมะ ถ่ายทอดเรื่องราว \"วิธุรชาดก\" ด้วยกิจกรรมสีอะคริลิกบนผ้าใบที่เต็มไปด้วยมุมมองแปลกใหม่ สร้างความน่าตื่นเต้นให้เรื่องราวดำเนินไปอย่างเข้าใจง่ายและน่าติดตาม\r\n\r\n \r\n\r\n\r\n\r\nรีวิวโดยสำนักพิมพ์ : พระวิทูรบัณฑิต : สัจจบารมี\r\n\"คนดี\" สามารถสร้างได้ด้วยการปลูกฝัง บ่มเพาะ อบรม ขัดเกลา ให้ทุกคนมีจิตสำนึกและพึงปฏิบัติในสิ่งที่เป็นประโยชน์ทั้งต่อตนเองและผู้อื่น ซึ่งจะนำพาให้เกิดความสงบสุขในการดำเนินชีวิต\r\n\r\nพระวิทูรบัณฑิต วาดโดย เทิดธันวา คะนะมะ เป็นพระชาติที่ทรงบำเพ็ญสัจจบารมี โดยแสดงธรรมอันเป็นความจริงที่ทำให้ผู้ใดที่ได้ฟังธรรมจากพระวิทูรบัณฑิตล้วนเลื่อมใสศรัทธา รวมถึงท้าวสักกะ พญานาควรุณ พญาครุฑ และพระราชาธนัญชัยโกรพ ซึ่งเมื่อได้ฟังธรรมก็ถึงกับมอบของล้ำค่าของตนแก่พระวิทูร พระวิทูรจึงเป็นนักปราชญ์แห่งเมืองอินทปัตย์ที่ชาวเมืองหวงแหนยิ่ง\r\n\r\nกิองบรรณาธิการ สำนักพิมพ์ทองเกษม', 179.1, 'jpg', '', '', 6),
(59, 'พระจันทกุมาร : ขันติบารมี', 'รายละเอียด : พระจันทกุมาร : ขันติบารมี\r\nพระจันทกุมาร : ขันติบารมี\r\n\r\nพระจันทกุมาร วาดโดยชัชวาล รอดคลองตัน เป็นพระชาติที่ทรงบำเพ็ญขันติบารมี พระองค์รื้อคดีความและตัดสินโดยคำนึงถึงความยุติธรรมเป็นที่ตั้ง ทำให้ได้รับตำแหน่งเป็นผู้ตัดสินคดีความ\r\n\r\nกัณฑหาลพราหมณ์ผู้ติดสินบน ด้วยความแค้น กัณฑหาลพราหมณ์จึงยุให้พระราชาทำพิธีบูชายัญพระราชวงศ์ทั้งหมดพระจันทกุมารพยายามอ้อนวอนอยู่หลายครั้ง แต่พระราชบิดาก็ยังหลงเชื่อคำของกัณฑหาลพราหมณ์ ถึงกระนั้น พระจันทกุมารก็ไม่คิดจะผูกใจเจ็บ และยังทรงช่วยพระราชบิดาให้พ้นจากการรุมทำร้ายของประชาชน\r\n\r\n\r\nเนื้อหาปกหลัง : พระจันทกุมาร : ขันติบารมี\r\n\"ความอดทนอดกลั้นต่อสิ่งที่ไม่พอใจ ต่อสิ่งที่มากระทบ และต่อทุกขเวทนาต่างๆ ย่อมนำพาให้ผู้ปรพฤติดีรอดพ้นจากสิ่งชั่วร้ายทั้งปวง\"\r\n\r\nพระชาติที่ ๗ พระจันทกุมารทรงบำเพ็ญขันติบารมี เมื่อพระองค์รื้อคดีความและตัดสินโดยคำนึงถึงความยุติธรรมเป็นที่ตั้ง ทำให้ได้รับตำแหน่งเป็นผู้ตัดสินคดีความแทนกัณฑหาลพราหมณ์ ผู้ติดสินบน ด้วยความแค้น กัณฑหาลพราหมณ์จึงยุให้พระราชาทำพิธีบูชายัญพระราชวงศ์ทั้งหมด พระจันทกุมารพยายามอ้อนวอนอยู่หลายครั้ง แต่พระราชบิดาก็ยังหลงเชื่อคำของกัณฑหาลพราหมณ์จนทำให้ประชาชนไม่พอใจ\r\n\r\nชัชวาล รอดคลองตัน ถ่ายทอดเรื่องราว \"จันทกุมารชาดก\" ด้วยจิตรกรรมสีอะคริลิกบนผ้าใบ ที่งดงามด้วยลายเส้นละเอียดอ่อน และสีเหลืองอร่ามที่ทำให้ภาพประกอบของเล่มนี้อลังการดุจภาพในฝัน\r\n\r\n\r\n\r\nรีวิวโดยสำนักพิมพ์ : พระจันทกุมาร : ขันติบารมี\r\n\"คนดี\" สามารถสร้างได้ด้วยการปลูกฝัง บ่มเพาะ อบรม ขัดเกลา ให้ทุกคนมีจิตสำนึกและพึงปฏิบัติในสิ่งที่เป็นประโยชน์ทั้งต่อตนเองและผู้อื่น ซึ่งจะนำพาให้เกิดความสงบสุขในการดำเนินชีวิต\r\n\r\nพระจันทกุมาร วาดโดย ชัชวาล รอดคลองตัน เป็นพระชาติที่ทรงบำเพ็ญขันติบารมี พระองค์รื้อคดีความและตัดสินโดยคำนึงถึงความยุติธรรมเป็นที่ตั้ง ทำให้ได้รับตำแหน่งเป็นผู้ตัดสินคดีความแทนกัณฑหาลพราหมณ์ผู้ติดสินบน ด้วยความแค้น กัณฑหาลพราหมณ์จึงยุให้พระราชาทำพิธีบูชายัญพระราชวงศ์ทั้งหมด ถึงกระนั้นพระจันทกุมารก็ไม่คิดจะผูกใจเจ็บ และยังทรงช่วยพระราชบิดาให้พ้นจากการรุมทำร้ายของประชาชน\r\n\r\nกองบรรณาธิการ สำนักพิมพ์ทองเกษม', 179.1, 'jpg', '', '', 6),
(60, 'พระเวสสันดร : ทานบารมี', 'รายละเอียด : พระเวสสันดร : ทานบารมี\r\nพระเวสสันดร : ทานบารมี\r\n\r\nพระเวสสันดร วาดโดย วีระยุทธ เลิศสุดวิชัย เป็นพระชาติที่ทรงบำเพ็ญทานบารมี โดยบริจาคทรัพย์สิ่งของทุกอย่างเพื่อช่วยเหลือผู้ตกทุกข์ได้ยากโดยไม่หวังผลตอบแทน และเมื่อพระองค์ถูกเนรเทศไปอยู่ในป่า พระเวสสันดรก็ยังบริจาค แม้กระทั่งกัณหา-ชาลี โอรสและธิดาของพระองค์เอง ซึ่งเป็นมหาทานครั้งยิ่งใหญ่\r\n\r\n\r\nเนื้อหาปกหลัง : พระเวสสันดร : ทานบารมี\r\n\"การให้ด้วยความบริสุทธิ์ใจ โดยไม่หวังผลตอบแทนย่อมปลดเปลื้องความทุกข์ให้แก่ผู้อื่น และส่งผลให้เกิดความสุขทั้งผู้ให้และผู้รับ\"\r\n\r\nพระชาติที่ ๑๐ พระเวสสันดรทรงบำเพ็ญทานบารมี โดยบริจาคทรัพย์สิ่งของทุกอย่างเพื่อช่วยเหลือผู้ตกทุกข์ได้ยากโดยไม่หวังผลตอบแทน และเมื่อพระองค์ถูกเนรเทศไปอยู่ในป่า พระเวสสันดรก็ยังบริจาคแม้กระทั่งกัณหา-ชาลี พระโอรสและพระธิดาของพระองค์เอง ซึ่งเป็นมหาทานครั้งยิ่งใหญ่\r\n\r\nวีระยุทธ เลิศสุดวิชัย ถ่ายทอดเรื่องราว \"เวสสันดรชาดก\" ด้วยเทคนิคสีอคริลิกและดินสอดำบนกระดาษ ซึ่งเป็นเทคนิคเฉพาะตัวในการเขียนภาพประกอบหนังสือเด็ก เรื่องราวพระเวสสันดรจึงประกอบไปด้วยสี แสง และเงาของดินสอดำที่ละเอียดอ่อน\r\n\r\n\r\n\r\nรีวิวโดยสำนักพิมพ์ : พระเวสสันดร : ทานบารมี\r\n\"คนดี\" สามารถสร้างได้ด้วยการปลูกฝัง บ่มเพาะ อบรม ขัดเกลา ให้ทุกคนมีจิตสำนึกและพึงปฏิบัติในสิ่งที่เป็นประโยชน์ทั้งต่อตนเองและผู้อื่น ซึ่งจะนำพาให้เกิดความสงบสุขในการดำเนินชีวิต\r\n\r\nพระเวสสันดร วาดโดย วีระยุทธ เลิศสุดวิชัย เป็นพระชาติที่ทรงบำเพ็ญทานบารมี โดยบริจาคทรัพย์สิ่งของทุกอย่างเพื่อช่วยเหลือผู้ตกทุกข์ได้ยากโดยไม่หวังผลตอบแทน และเมื่อพระองค์ถูกเนรเทศไปอยู่ในป่าพระเวสสันดรก็ยังบริจาคแม้กระทั่้งกัณหา-ชาลี พระโอรสและพระธิดาของพระองค์เอง ซึ่งเป็นมหาทานครั้งยิ่งใหญ่\r\n\r\nกองบรรณาธิการ สำนักพิมพ์ทองเกษม', 179.1, 'jpg', '', '', 6),
(61, '20 คุณธรรม KID ดี มีความสุข', 'รายละเอียด : 20 คุณธรรม KID ดี มีความสุข\r\n  สอนคุณธรรมด้วย 27 นิทาน 80 กิจกรรม 87 ภาษิตจากบุคคลสำคัญปัจจุบันการเลี้ยงดูเด็กให้เป็นคนที่สมบูรณ์นอกจากด้านร่างกาย จิตใจ และสติปัญญาแล้ว  การเน้นเรื่องคุณธรรมก็เป็นสิ่งสำคัญอย่างยิ่ง เนื่องจากคุณธรรมส่งผลต่อพฤติกรรม ความคิด และจิตใจของคน ทำให้อยู่ร่วมกับคนในสังคมได้อย่างมีความสุข  หนังสือเล่มนี้รวบรวม 20 คุณธรรมสำคัญที่พ่อแม่และครูควรปลูกฝังให้เด็กซึมซับจนกลายเป็นนิสัย\r\n\r\n', 293, 'jpg', '', '', 7),
(62, 'ร้ายให้เริด เชิดให้โลก', 'รายละเอียด : ร้ายให้เริด เชิดให้โลก\r\nร้ายให้เริด เชิดให้โลก\r\n\r\n\"เพราะเกิดเป็นผู้หญิงเลย...\" เรื่องมากเหรอ ร้ายเหรอ...เอาจริงดิ พวกเราเนี่ยนะ! แค่ต้องการ \"ทำในสิ่งที่อยากทำ\" แล้วโลกนี้มันใจกว้างพอสำหรับผู้หญิงไหมล่ะ คำว่า \"เฟมินิสม์\" ไม่ได้มีไว้เก๋ปากเล่นนะคะ ช่วยทำความเข้าใจและใจกว้างกับพวกเราหน่อยเถอะค่ะ!\r\n\r\n\"ร้ายให้เริด เชิดให้โลก\" หนังสือที่จะช่วยฉีดวัคซีนสร้างภูมิต้านทานจากการถูกคุกคาม ข่มขู่ ล่วงละเมิด และความรุนแรงทางเพศ ร่วมขับเคลื่อนพลังสตรีนิยมให้ตื่นตัว สร้างความเท่าเทียมของผู้หญิงและทุกเพศให้เกิดขึ้นในสังคม และเป็นกำลังใจให้พวกคุณใช้ก้าวบนเส้นทางชีวิตอย่างอิสระและมีความสุข ขอให้ผู้หญิงลำบากกับปัญหาทางกายภาพที่ปฏิเสธไม่ได้เท่านั้นเถอะนะ อย่าให้เรื่องรอบตัวพาชีวิตยากไปกว่านี้เลย ส่วนคุณผู้ชายเอง เรารู้ว่าคุณก็ลำบากเหมือนกัน ดังนั้น เรามาเรียนรู้และใช้ชีวิตกันอย่างมีความสุขในโลกที่ทำให้เราแทบบ้าตายรายวันกันดีกว่า!', 220.5, 'jpg', '', '', 7),
(63, 'เกิดเป็นหญิง เริดบ้าง ร้ายบ้าง ดีออก!', 'รายละเอียด : เกิดเป็นหญิง เริดบ้าง ร้ายบ้าง ดีออก!\r\nเกิดเป็นหญิง เริดบ้าง ร้ายบ้าง ดีออก!\r\n\r\n\"เกิดเป็นหญิง เริดบ้าง ร้ายบ้าง ดีออก!\" หนังสือที่ตะโกนเรื่อง \"สิทธิสตรี\" และ \"ความเท่า (ที่โคตร) เทียม\" ได้ดังที่สุด! นำเสนอในรูปแบบการ์ตูนผสมบทความ พร้อมเนื้อหากระแทกสังคมสะท้อนโลกปิตาธิปไตยหรือชายเป็นใหญ่ของเกาหลีได้อย่างถึงพริกถึงขิง สอดแทรกด้วยบทความจากประสบการณ์ของนักเขียน และสังคมจริงที่จะเปิดหูเปิดตาผู้อ่านทุกท่านสู่โลกที่ถูกริดรอนสิทธิสตรี แล้วคุณจะรู้ว่าผู้หญิงอดทนกับความเหลื่อมล้ำบนโลกใบนี้มามากกว่าที่คุณคาดคิด เพราะโลกนี้มันอยู่ยาก ไม่ร้ายบ้างก็คงไม่รอด!\r\n\r\nความเหลื่อมล้ำทางเพศไม่ไกลอย่างที่คิดหรอก ถึงเวลาต้องศึกษาศาสตร์ของนางมารร้ายเพื่อสิทธิของพวกคุณ หมดเวลาถูกคุกคาม กดขี่ ข่มขู่ ลวนลาม ความรุนแรงแล้ว มาเปิดหนังสือสุดแสบและแซ่บสะเทือนเอเชียตะวันออกเฉียงใต้เล่มนี้ แล้วเปิดใจให้กว้าง ๆ พร้อมเริ่มต้นทำความเข้าใจผู้หญิงกันใหม่และเข้าใจกันและกันให้มากขึ้นเถอะนะ!', 220.5, 'jpg', '', '', 7),
(64, 'แพ็กคู่ เกิดเป็นหญิง+ร้ายให้เริด', 'รายละเอียด : แพ็กคู่ เกิดเป็นหญิง+ร้ายให้เริด\r\nPre-order แพ็กคู่ เกิดเป็นหญิง+ร้ายให้เริด\r\nราคาพิเศษ 400 บาท ปกติ 490 บาท', 441, 'jpg', '', '', 7),
(65, 'ไม่ยากถ้าอยากเก่งคณิต แวมไพร์ซีรีส์', 'ายละเอียด : ไม่ยากถ้าอยากเก่งคณิต แวมไพร์ซีรีส์\r\nไม่ยากถ้าอยากเก่งคณิต แวมไพร์ซีรีส์\r\n\r\nเมื่อเอ่ยถึงวิชาคณิตศาสตร์ เด็กๆ หลายคนก็อาจจะเบือนหน้าหนี เพราะคิดว่าวิชานี้ช่างยากเย็นแสนเข็ญ มีแต่ตัวเลข รูปเรขาคณิต โจทย์ปัญหา และสัญลักษณ์ต่างๆ มากมายจนนับไม่ถ้วน อย่างไรก็ตาม แม้แต่อัจฉริยะด้านคณิตศาสตร์ทุกคนก็ไม่ได้เก่งกาจมาตั้งแต่เกิด พวกเขาล้วนผ่านการฝึกฝนซ้ำแล้วซ้ำเล่าจนกระทั่งประสบความสำเร็จ เลมอนเคยกลัววิชาคณิตศาสตร์ แต่เมื่อได้รู้จักกับแอล เด็กหนุ่มผู้เป็นอัจฉริยะด้านคณิตศาสตร์ เธอกลับชอบคณิตศาสตร์มากขึ้น เปิดเทอมครั้งนี้เป็นช่วงเวลาที่เลมอนรอคอยที่สุด เมื่อแอลเพื่อนผู้ลึกลับที่เจอกันในค่ายคณิตศาสตร์ ย้ายมาเรียนโรงเรียนเดียวกับเธอ ต้องมีเรื่องสนุกๆ เกิดขึ้นแน่!\r\n\r\nแอลช่วยสอนเทคนิคและวิธีการคิดใหม่ๆ จนทำให้วิชาคณิตศาสตร์ที่ดูสลับซับซ้อนกลายเป็นเรื่องง่ายๆ เหมือนปอกกล้วยเข้าปากไปเลย แต่เรื่องราวกลับยิ่งระทึกเมื่อเธอได้รู้ความลับว่าแอลไม่ใช่มนุษย์ เขาเป็นแวมไพร์ แถมยังถูกนักล่าแวมไพร์คอยไล่ล่าอีกด้วย มาลุ้นไปกับเรื่องรางลี้ลับและเรียนรู้คณิตศาสตร์อย่างเพลิดเพลิน \"ไม่ยากถ้าอยากเก่งคณิต ฉบับแวมไพร์\" สอนความรู้และเทคนิคต่างๆ นานาเกี่ยวกับวิชาคณิตศาสตร์ และการนำคณิตศาสตร์ไปประยุกต์ใช้ในชีวิตประจำวัน รับรองว่าจะต้องชอบและสนุกไปกับการเรียนวิชาคณิตศาสตร์แน่ๆ\r\n\r\nนานมีบุ๊คส์', 142.2, 'jpg', '', '', 7),
(66, 'ไม่ยากถ้าอยากสูง', 'รายละเอียด : ไม่ยากถ้าอยากสูง\r\nไม่ยากถ้าอยากสูง\r\n\r\nไม่ยากถ้าอยากสูง ขอแนะนำมัดหมี่ เด็กสาวตัวจิ๋วชั้น ป.5 ผู้ใฝ่ฝันอยากเป็นนางแบบ มัดหมี่โดนเข้าใจผิดเป็นประจำว่าเป็นนักเรียนชั้น ป.1 เพราะมีรูปร่างเล็กและสูงไม่ถึงเกณฑ์ส่วนสูงมาตรฐาน จนเธอเสียใจอย่างหนักและเข้าคอร์สเพิ่มส่วนสูง มัดหมี่ได้รับความช่วยเหลือจากหมอยีน เจ้าของคลินิกพัฒนาการเด็ก และยอช์ต เพื่อนร่วมชั้น หลังเข้าคอร์ส มัดหมี่ก็เข้าใจว่านอกจากพันธุกรรมยังมีปัจจัยอื่นที่ส่งผลต่อความสูง เช่น การรับประทานอาหาร การออกกำลังกาย การนอน สภาพจิตใจ เธอจึงเปลี่ยนพฤติกรรมการกิน กิจวัตรประจำวันต่างๆ ท่าทางการนั่ง ยืน เดิน และนอน ตลอดจนปรับเปลี่ยนอารมณ์และความคิด มัดหมี่จะเปลี่ยนแปลงตัวเองสำเร็จและสูงขึ้นได้ตามต้องการหรือไม่ พลิกหน้าต่อไปแล้วร่วมลุ้นไปพร้อมกับเธอเลย!\r\n\r\nนานมีบุ๊คส์\r\n\r\n', 148.5, 'jpg', '', '', 7),
(67, 'ไม่ยากถ้าอยากเลี้ยงสัตว์', 'รายละเอียด : ไม่ยากถ้าอยากเลี้ยงสัตว์\r\nไม่ยากถ้าอยากเลี้ยงสัตว์\r\n\r\nมารู้จักสารพัดสัตว์เลี้ยงแสนน่ารักกันเถอะ! ปัจจุบันมีสัตว์เลี้ยงหลากหลายชนิดและสายพันธุ์ ไม่ว่าจะเป็นสุนัข แมว หนู นก เม่นแคระ ปลาสวยงาม แมลง ไปจนถึงสัตว์เลื้อยคลาน เด็กๆ ชอบหรืออยากเลี้ยงสัตว์ชนิดไหนกันบ้าง ไม่ยากถ้าอยากเลี้ยงสัตว์ จะพาไปรู้จักสุนัขหลากหลายพันธุ์ แมวเหมียวแสนขี้อ้อน แฮมสเตอร์สุดคิวต์ เม่นแคระตัวจิ๋ว เต่าต้วมเตี้ยม รวมถึงเรียนรู้เคล็ดลับดูแลและเสริมสวยสัตว์เลี้ยงให้สวยงามตลอดจนมีสุขภาพแข็งแรง\r\n\r\nแพรไหม เด็กสาวผู้ร่าเริงใฝ่ฝันอยากเป็นช่างเสริมสวยสัตว์เลี้ยง แต่แม่ไม่อนุญาต เพราะเห็นว่าแพรไหมไม่รับผิดชอบ แต่เมื่อแพรไหมพิสูจน์ตนเองว่าตั้งใจจริง แม่จึงอนุญาตให้เลี้ยงสโนว์ สุนัขพันธุ์มอลทีสสุดน่ารัก เหตุการณ์เลวร้ายเกิดขึ้นเมื่อเจ้าของตึกมาไล่ที่ร้านเสริมสวยสัตว์เลี้ยงของแม่ แพรไหมจึงต้องลงแข่งขันเสริมสวยสัตว์เลี้ยงแทนแม่ซึ่งประสบอุบัติเหตุ โดยได้กำลังใจจากน้ำตาลและข้าวฟ่าง เพื่อนสนิท รวมถึงพายุ เด็กหนุ่มผู้เคยกลัวสุนัข เบื้องหลังวิกฤตครั้งนี้คืออะไรกันแน่ แพรไหมจะไล่ตามความฝันและกอบกู้สถานการณ์ได้หรือไม่ มาร่วมลุ้นไปพร้อมกัน\r\n\r\nนานมีบุ๊คส์', 142.2, 'jpg', '', '', 7);
INSERT INTO `product` (`p_id`, `p_name`, `p_detail`, `p_price`, `p_ext`, `pd_ext`, `pd_ext2`, `c_id`) VALUES
(68, 'ไม่ยากถ้าอยากดูดี (ปกใหม่)', 'รายละเอียด : ไม่ยากถ้าอยากดูดี (ปกใหม่)\r\nไม่ยากถ้าอยากดูดี (ปกใหม่)\r\n\r\nน้องๆ อาจเคยแอบนึกอิจฉาที่เห็นเพื่อนบางคนดูดี ทั้งเสื้อผ้าที่สวมใส่ ทรงผม บุคลิกภาพ เป็นต้น แต่น้องๆ รู้ไหมว่า สิ่งเหล่านี้ปรับเปลี่ยนตัวเราได้ เหมือนกับฝ้าย ตัวเอกในหนังสือนี้ที่ไม่เคยสนใจเรื่องแฟชั่นเลย แต่ถูกเฟิร์น เพื่อนสนิทปรับเปลี่ยนบุคลิกและการแต่งกายให้ใหม่ ตั้งแต่การดูแลผิวพรรณ การปรับนิสัย การลดน้ำหนัก การเลือกทรงผมที่เหมาะสมกับตัวเอง ฯลฯ จนมีสไตล์เป็นของตัวเอง และเข้าร่วมประกวดซูเปอร์โมเดลเด็กเพื่อลบคำสบประมาทของไนซ์ เด็กที่นำแฟชั่นแต่ชอบดูถูกคนอื่น โดยมีมิวสิค น้องชายฝาแฝดของเฟิร์น นักแสดงเด็กที่มีชื่อเสียง เป็นแรงบนดาลใจที่สำคัญของฝ้าย มาติดตามกันดูว่า ฝ้ายจะปรับเปลี่ยนตัวเองให้ดูดีได้ไหม ผลประกวดซูเปอร์โมเดลเด็กจะเป็นอย่างไร และน้องๆ อย่าลืมนำเคล็ดลับการเปลี่ยนตัวเองให้ดูดีไปใช้กันนะ ไม่แน่อาจทำให้เพื่อนแอบอิจฉาเราก็ได้\r\n\r\nนานมีบุ๊คส์', 148.5, 'jpg', '', '', 7),
(69, 'การพัฒนาเอกสารในระบบมาตรฐานการจัดการสิ่งแวดล้อม ISO 14001:2015 พร้อมตัวอย่างระเบียบปฏิบัติ', 'รายละเอียด : การพัฒนาเอกสารในระบบมาตรฐานการจัดการสิ่งแวดล้อม ISO 14001:2015 พร้อมตัวอย่างระเบียบปฏิบัติ\r\nการพัฒนาเอกสารในระบบมาตรฐานการจัดการสิ่งแวดล้อม ISO 14001:2015 พร้อมตัวอย่างระเบียบปฏิบัติ\r\n\r\nหนังสือเรื่อง การพัฒนาเอกสารในระบบมาตรฐานการจัดการสิ่งแวดล้อม ISO 14001:2015 ซึ่งข้อกำหนดดังกล่าวได้ประกาศใช้เมื่อ พ.ศ.2558 ทำให้หน่วยงานที่ต้องมีการปรับเปลี่ยนเป็นมาตรฐานใหม่ภายใน 3 ปี และหนังสือเล่มนี้สามารถใช้กับหน่วยงานที่ต้องการเริ่มประยุกต์ระบบการจัดการสิ่งแวดล้อมดังกล่าว โดยเริ่มจากการเรียนรู้เกี่ยวกับข้อกำหนดของมาตรฐานนี้ก่อนอย่างละเอียด ซึ่งต้องมีการตีความข้อกำหนดดังกล่าว จากนั้นการตีความก็จะนำไปสู่การพัฒนาระเบียบปฏิบัติ (Procedure) หรือบางครั้งเรียกว่า มาตรฐานขั้นตอนการปฏิบัติ (Standard Operation Practice: SOP) ซึ่งเป็นเอกสารในการปฏิบัติงาน ซึ่งแต่ละองค์กรจะต้องจัดทำขึ้นมา เพื่อเป็นขั้นตอนในการทำงานที่ดี (best pratice) ในการพัฒนาระบบเอกสารดังกล่าวสามารถทำได้ทั้งในรูปแบบกระดาษและรูปแบบเอกสารในคอมพิวเตอร์ก็ได้ โดยเอกสารในระบบการจัดการสิ่งแวดล้อมจะต้องมีการกำหนดโครงสร้างของระบบเอกสาร คือมีคู่มือการจัดการสิ่งแวดล้อม ระเบียบปฏิบัติ วิธีการปฏิบัติงานและเอกสารสนับสนุนต่างๆ ต่อมาก็เป็นสร้างเอกสาร โดยเอกสารในแต่ละระดับจะต้องมีโครงสร้างภายในไม่เหมือนกัน และแต่ละเรื่องควรจะต้องมีเกณฑ์ในการปฏิบัติงานและมีบันทึกเพื่อแสดงถึงผลการดำเนินงาน ในองค์กรเองจะต้องมีมาตรการในการควบคุมเอกสารด้วย ทั้งเอกสารในการปฏิบัติงาน เอกสารสนับสนุนและบันทึกต่างๆ ที่เกิดขึ้น เพื่อให้มั่นใจได้ว่าเอกสารเหล่านั้นยังทันสมัยอยู่และมีระบบการแจกจ่ายเอกสารไปยังหน่วยงานต่างๆ ในใต้โครงสร้างของระบบการจัดการสิ่งแวดล้อม เอกสารในระบบการจัดการสิ่งแวดล้อมอาจจะต้องมีการเปลี่ยนแปลงหรือปรับเปลี่ยนให้ทันสมัยอยู่เสมอ เพื่อทันกับสถานการณ์ที่เกิดขึ้นจากการเปลี่ยนแปลงของเศรษฐกิจ สังคมและเทคโนโลยี', 342, 'jpg', '', '', 7),
(70, 'Once in a memory คนรักของความคิดถึง', 'รายละเอียด : Once in a memory คนรักของความคิดถึง\r\nบางความทรงจำ มันคือสิ่งสวยงามและอาจสวยงามที่สุดในชั่วชีวิตของคนคนหนึ่ง แต่เราสัมผัสมันไม่ได้ เราใช้ชีวิตร่วมกับมันไม่ได้อีกต่อไป ทำได้เพียงคิดถึง และปล่อยให้มันมีค่าอยู่กับอดีต ปล่อยให้มันสวยงามอยู่อย่างนั้น', 198, 'jpg', '', '', 7);

-- --------------------------------------------------------

--
-- Table structure for table `users`
--

CREATE TABLE `users` (
  `u_id` int(7) NOT NULL,
  `u_fullname` varchar(200) NOT NULL,
  `u_email` varchar(200) NOT NULL,
  `u_password` varchar(200) NOT NULL,
  `u_tel` varchar(200) NOT NULL,
  `u_address` text NOT NULL,
  `u_address2` text NOT NULL,
  `u_address3` text NOT NULL,
  `u_address4` text NOT NULL,
  `u_address5` text NOT NULL
) ENGINE=InnoDB DEFAULT CHARSET=utf8mb4 COLLATE=utf8mb4_unicode_ci;

--
-- Dumping data for table `users`
--

INSERT INTO `users` (`u_id`, `u_fullname`, `u_email`, `u_password`, `u_tel`, `u_address`, `u_address2`, `u_address3`, `u_address4`, `u_address5`) VALUES
(1, 'thanawat', '65010912511@msu.ac.th', 'e3813863096d617e0cc1189a1632543a', '0997412563', '31 xxxxxxx', '', '', '', ''),
(2, 'loop', 'loop@gmail.com', '7b647805dda79fce4d1593b04dbc71d2', '0111111111', '32 ddddd', '', '', '', ''),
(3, 'nop', 'nop@gmail.com', '2dc9ff78b319806397e10856d1f49026', '0222222222', 'dd ddd', '', '', '', ''),
(4, 'ploychom', 'ploychompq2852@gmail.com', '2b81a98818e1f4d05a3af2a4f2279082', '0611073186', '222', '', '', '', ''),
(5, 'yatogami Nori', 'soosms2543@gmail.com', '9a1158154dfa42caddbd0694a4e9bdc8', '0997412563', '34', '', '', '', ''),
(6, 'thanawat', '65010912511@msu.ac.th', '1c9986b9d9e459c220ca121507cc22b7', '1111111111', 'xxxxxxx', '', '', '', ''),
(7, 'thanawat', '65010912511@msu.ac.th', '1c9986b9d9e459c220ca121507cc22b7', '1111111111', 'xxxxxxx', '', '', '', ''),
(8, 'thanawat', '65010912511@msu.ac.th', 'b5f953d1f5fe4f66b20957af1bf10065', '1111111111', 'xxxxxxx', '', '', '', ''),
(9, 'ธีรภัทร77///', 'm77m@gmail.com', '8ed91a601cc77bfc4117449af9d9200f', '01118888888', 'านนนนน', '774111', '777', '4444', 'ยยยย'),
(44, 'aooooa', 'a@a', '0cc175b9c0f1b6a831c399e269772661', '0997412563', '87/452 xxxxxxxx', '74/7xxxxxxxx', '7 xxxx', '7/4 dsxxxx', 'xxxxxxx'),
(45, 'yatogami Nori', 'q@q', '7694f4a66316e53c8cdd9d9954bd611d', '0111111111', '34', '34qqqq', '', '', '');

--
-- Indexes for dumped tables
--

--
-- Indexes for table `admin`
--
ALTER TABLE `admin`
  ADD PRIMARY KEY (`a_id`);

--
-- Indexes for table `category`
--
ALTER TABLE `category`
  ADD PRIMARY KEY (`c_id`);

--
-- Indexes for table `orders`
--
ALTER TABLE `orders`
  ADD PRIMARY KEY (`o_id`);

--
-- Indexes for table `orders_detail`
--
ALTER TABLE `orders_detail`
  ADD PRIMARY KEY (`od_id`);

--
-- Indexes for table `order_status`
--
ALTER TABLE `order_status`
  ADD PRIMARY KEY (`s_id`);

--
-- Indexes for table `product`
--
ALTER TABLE `product`
  ADD PRIMARY KEY (`p_id`);

--
-- Indexes for table `users`
--
ALTER TABLE `users`
  ADD PRIMARY KEY (`u_id`);

--
-- AUTO_INCREMENT for dumped tables
--

--
-- AUTO_INCREMENT for table `admin`
--
ALTER TABLE `admin`
  MODIFY `a_id` int(7) NOT NULL AUTO_INCREMENT, AUTO_INCREMENT=56;

--
-- AUTO_INCREMENT for table `category`
--
ALTER TABLE `category`
  MODIFY `c_id` int(6) NOT NULL AUTO_INCREMENT, AUTO_INCREMENT=37;

--
-- AUTO_INCREMENT for table `orders`
--
ALTER TABLE `orders`
  MODIFY `o_id` int(6) UNSIGNED ZEROFILL NOT NULL AUTO_INCREMENT, AUTO_INCREMENT=29;

--
-- AUTO_INCREMENT for table `orders_detail`
--
ALTER TABLE `orders_detail`
  MODIFY `od_id` int(6) NOT NULL AUTO_INCREMENT, AUTO_INCREMENT=37;

--
-- AUTO_INCREMENT for table `order_status`
--
ALTER TABLE `order_status`
  MODIFY `s_id` int(7) NOT NULL AUTO_INCREMENT, AUTO_INCREMENT=7;

--
-- AUTO_INCREMENT for table `product`
--
ALTER TABLE `product`
  MODIFY `p_id` int(6) NOT NULL AUTO_INCREMENT, AUTO_INCREMENT=676;

--
-- AUTO_INCREMENT for table `users`
--
ALTER TABLE `users`
  MODIFY `u_id` int(7) NOT NULL AUTO_INCREMENT, AUTO_INCREMENT=46;
COMMIT;

/*!40101 SET CHARACTER_SET_CLIENT=@OLD_CHARACTER_SET_CLIENT */;
/*!40101 SET CHARACTER_SET_RESULTS=@OLD_CHARACTER_SET_RESULTS */;
/*!40101 SET COLLATION_CONNECTION=@OLD_COLLATION_CONNECTION */;
